Signal,GPIO MUX 1,Signal Type 1,Default Value 1,GPIO MUX 2,Signal Type 2,Default Value 2,GPIO MUX 3,Signal Type 3,Default Value 3,GPIO MUX 4,Signal Type 4,Default Value 4,GPIO MUX 5,Signal Type 5,Default Value 5,GPIO MUX 6,Signal Type 6,Default Value 6,GPIO MUX 7,Signal Type 7,Default Value 7,GPIO MUX 8,Signal Type 8,Default Value 8,GPIO MUX 9,Signal Type 9,Default Value 9,GPIO MUX 10,Signal Type 10,Default Value 10,GPIO MUX 11,Signal Type 11,Default Value 11,GPIO MUX 12,Signal Type 12,Default Value 12,GPIO MUX 13,Signal Type 13,Default Value 13,GPIO MUX 14,Signal Type 14,Default Value 14,GPIO MUX 15,Signal Type 15,Default Value 15,GPIO MUX 16,Signal Type 16,Default Value 16,GPIO MUX 17,Signal Type 17,Default Value 17,GPIO MUX 18,Signal Type 18,Default Value 18,GPIO MUX 19,Signal Type 19,Default Value 19,GPIO MUX 20,Signal Type 20,Default Value 20,GPIO MUX 21,Signal Type 21,Default Value 21,GPIO MUX 22,Signal Type 22,Default Value 22,GPIO MUX 23,Signal Type 23,Default Value 23,GPIO MUX 24,Signal Type 24,Default Value 24,GPIO MUX 25,Signal Type 25,Default Value 25,GPIO MUX 26,Signal Type 26,Default Value 26,GPIO MUX 27,Signal Type 27,Default Value 27,GPIO MUX 28,Signal Type 28,Default Value 28,GPIO MUX 29,Signal Type 29,Default Value 29,GPIO MUX 30,Signal Type 30,Default Value 30,GPIO MUX 31,Signal Type 31,Default Value 31,IO Buffer
DP0_0,CAN0TX,I/O,,TPIUCLK,O,,EPWM0A,O,,SPI8PICO,I/O,,OUTPUTXBAR6,O,,MCPWM4A,I/O,,,,,,,,,,,,,,,,,,,,,,,,,,,,,,,,,,,,,,,,,,,,,,,,,,,,,,,,,,,,,,,,,,,,,,,,,,,,,
DP0_1,CAN0RX,I/O,,TPIUCTL,O,,EPWM0B,O,,SPI8POCI,I/O,,OUTPUTXBAR7,O,,MCPWM4B,I/O,,,,,,,,,,,,,,,,,,,,,,,,,,,,,,,,,,,,,,,,,,,,,,,,,,,,,,,,,,,,,,,,,,,,,,,,,,,,,
DP0_2,CAN1TX,I/O,,TPIUDATA0,O,,EPWM1A,O,,SPI8CS0,I/O,,OUTPUTXBAR8,O,,MCPWM4C,I/O,,,,,,,,,,,,,,,,,,,,,,,,,,,,,,,,,,,,,,,,,,,,,,,,,,,,,,,,,,,,,,,,,,,,,,,,,,,,,
DP0_3,CAN1RX,I/O,,TPIUDATA1,O,,EPWM1B,O,,SPI8CS1,I/O,,OUTPUTXBAR9,O,,MCPWM4D,I/O,,,,,,,,,,,,,,,,,,,,,,,,,,,,,,,,,,,,,,,,,,,,,,,,,,,,,,,,,,,,,,,,,,,,,,,,,,,,,
DP0_4,CAN2TX,I/O,,TPIUDATA2,O,,EPWM2A,O,,SPI8CS2,I/O,,OUTPUTXBAR10,O,,MCPWM4E,I/O,,,,,,,,,,,,,,,,,,,,,,,,,,,,,,,,,,,,,,,,,,,,,,,,,,,,,,,,,,,,,,,,,,,,,,,,,,,,,
DP0_5,CAN2RX,I/O,,TPIUDATA3,O,,EPWM2B,O,,SPI8CS3,I/O,,OUTPUTXBAR11,O,,MCPWM4F,I/O,,,,,,,,,,,,,,,,,,,,,,,,,,,,,,,,,,,,,,,,,,,,,,,,,,,,,,,,,,,,,,,,,,,,,,,,,,,,,
DP0_6,CAN3TX,I/O,,ADC3EXTMUXSEL0,O,,EPWM3A,O,,SPI9CLK,I/O,,OUTPUTXBAR12,O,,MCPWM5A,I/O,,,,,,,,,,,,,,,,,,,,,,,,,,,,,,,,,,,,,,,,,,,,,,,,,,,,,,,,,,,,,,,,,,,,,,,,,,,,,
DP0_7,CAN3RX,I/O,,ADC3EXTMUXSEL1,O,,EPWM3B,O,,SPI9PICO,I/O,,OUTPUTXBAR13,O,,MCPWM5B,I/O,,,,,,,,,,,,,,,,,,,,,,,,,,,,,,,,,,,,,,,,,,,,,,,,,,,,,,,,,,,,,,,,,,,,,,,,,,,,,
DP0_8,CAN4TX,I/O,,ADC3EXTMUXSEL2,O,,EPWM4A,O,,SPI9POCI,I/O,,OUTPUTXBAR14,O,,MCPWM5C,I/O,,,,,,,,,,,,,,,,,,,,,,,,,,,,,,,,,,,,,,,,,,,,,,,,,,,,,,,,,,,,,,,,,,,,,,,,,,,,,
DP0_9,CAN4RX,I/O,,ADC3EXTMUXSEL3,O,,EPWM4B,O,,SPI9CS0,I/O,,OUTPUTXBAR15,O,,MCPWM5D,I/O,,,,,,,,,,,,,,,,,,,,,,,,,,,,,,,,,,,,,,,,,,,,,,,,,,,,,,,,,,,,,,,,,,,,,,,,,,,,,
DP0_10,FSI0TXCLK,I/O,,I2C2SDA,I/O,,EPWM5A,O,,SPI9CS1,I/O,,ADC0EXTMUXSEL0,O,,MCPWM5E,I/O,,,,,,,,,,,,,,,,,,,,,,,,,,,,,,,,,,,,,,,,,,,,,,,,,,,,,,,,,,,,,,,,,,,,,,,,,,,,,
DP0_11,FSI0TXD0,I/O,,I2C2SCL,I/O,,EPWM5B,O,,SPI9CS2,I/O,,ADC0EXTMUXSEL1,O,,MCPWM5F,I/O,,,,,,,,,,,,,,,,,,,,,,,,,,,,,,,,,,,,,,,,,,,,,,,,,,,,,,,,,,,,,,,,,,,,,,,,,,,,,
DP0_12,FSI0TXD1,I/O,,I2C3SDA,I/O,,EPWM6A,O,,SPI9CS3,I/O,,ADC0EXTMUXSEL2,O,,,,,MCPWM6A,I/O,,,,,,,,,,,,,,,,,,,,,,,,,,,,,,,,,,,,,,,,,,,,,,,,,,,,,,,,,,,,,,,,,,,,,,,,,,
DP0_13,FSI0RXCLK,I/O,,I2C3SCL,I/O,,EPWM6B,O,,FSI0TXCLK,I/O,,ADC0EXTMUXSEL3,O,,SPI9CS4,I/O,,MCPWM6B,I/O,,,,,,,,,,,,,,,,,,,,,,,,,,,,,,,,,,,,,,,,,,,,,,,,,,,,,,,,,,,,,,,,,,,,,,,,,,
DP0_14,FSI0RXD0,I/O,,RDC0PWM_N,I/O,,EPWM7A,O,,FSI0TXD0,I/O,,MCPWM0A,I/O,,SPI2CLK,I/O,,MCPWM6C,I/O,,,,,,,,,,,,,,,,,,,,,,,,,,,,,,,,,,,,,,,,,,,,,,,,,,,,,,,,,,,,,,,,,,,,,,,,,,
DP0_15,FSI0RXD1,I/O,,RDC0PWM_P,I/O,,EPWM7B,O,,FSI0TXD1,I/O,,MCPWM0B,I/O,,SPI2PICO,I/O,,MCPWM6D,I/O,,,,,,,,,,,,,,,,,,,,,,,,,,,,,,,,,,,,,,,,,,,,,,,,,,,,,,,,,,,,,,,,,,,,,,,,,,
DP0_16,I2C0SDA,I/O,,CLKOUT1,O,,EPWM8A,O,,FSI0RXCLK,I/O,,MCPWM0C,I/O,,SPI2POCI,I/O,,MCPWM6E,I/O,,,,,,,,,,,,,,,,,,,,,,,,,,,,,,,,,,,,,,,,,,,,,,,,,,,,,,,,,,,,,,,,,,,,,,,,,,
DP0_17,I2C0SCL,I/O,,CLKOUT2,O,,EPWM8B,O,,FSI0RXD0,I/O,,MCPWM0D,I/O,,SPI2CS0,I/O,,MCPWM6F,I/O,,,,,,,,,,,,,,,,,,,,,,,,,,,,,,,,,,,,,,,,,,,,,,,,,,,,,,,,,,,,,,,,,,,,,,,,,,
DP0_18,I2C1SDA,I/O,,RDC1PWM_N,I/O,,EPWM9A,O,,FSI0RXD1,I/O,,MCPWM0E,I/O,,SPI2CS1,I/O,,MCPWM7A,I/O,,,,,,,,,,,,,,,,,,,,,,,,,,,,,,,,,,,,,,,,,,,,,,,,,,,,,,,,,,,,,,,,,,,,,,,,,,
DP0_19,I2C1SCL,I/O,,RDC1PWM_P,I/O,,EPWM9B,O,,FSI1TXCLK,I/O,,MCPWM0F,I/O,,SPI2CS2,I/O,,MCPWM7B,I/O,,,,,,,,,,,,,,,,,,,,,,,,,,,,,,,,,,,,,,,,,,,,,,,,,,,,,,,,,,,,,,,,,,,,,,,,,,
DP0_20,LIN0TX,I/O,,ADC2EXTMUXSEL0,O,,EPWM10A,O,,FSI1TXD0,I/O,,MCPWM1A,I/O,,SPI2CS3,I/O,,,,,,,,,,,,,,,,,,,,,,,,,,,,,,,,,,,,,,,,,,,,,,,,,,,,,,,,,,,,,,,,,,,,,,,,,,,,,
DP0_21,LIN0RX,I/O,,ADC2EXTMUXSEL1,O,,EPWM10B,O,,FSI1TXD1,I/O,,MCPWM1B,I/O,,LIN4TX,I/O,,,,,,,,,,,,,,,,,,,,,,,,,,,,,,,,,,,,,,,,,,,,,,,,,,,,,,,,,,,,,,,,,,,,,,,,,,,,,
DP0_22,LIN1TX,I/O,,ADC2EXTMUXSEL2,O,,EPWM11A,O,,FSI1RXCLK,I/O,,MCPWM1C,I/O,,LIN4RX,I/O,,,,,,,,,,,,,,,,,,,,,,,,,,,,,,,,,,,,,,,,,,,,,,,,,,,,,,,,,,,,,,,,,,,,,,,,,,,,,
DP0_23,LIN1RX,I/O,,SPI7CS3,I/O,,EPWM11B,O,,FSI1RXD0,I/O,,MCPWM1D,I/O,,LIN5TX,I/O,,,,,,,,,,,,,,,,,,,,,,,,,,,,,,,,,,,,,,,,,,,,,,,,,,,,,,,,,,,,,,,,,,,,,,,,,,,,,
DP0_24,LIN2TX,I/O,,SPI7CLK,I/O,,EPWM12A,O,,FSI1RXD1,I/O,,MCPWM1E,I/O,,LIN5RX,I/O,,,,,,,,,,,,,,,,,,,,,,,,,,,,,,,,,,,,,,,,,,,,,,,,,,,,,,,,,,,,,,,,,,,,,,,,,,,,,
DP0_25,LIN2RX,I/O,,SPI7PICO,I/O,,EPWM12B,O,,FSI2TXCLK,I/O,,MCPWM1F,I/O,,SPI5CS4,I/O,,,,,,,,,,,,,,,,,,,,,,,,,,,,,,,,,,,,,,,,,,,,,,,,,,,,,,,,,,,,,,,,,,,,,,,,,,,,,
DP0_26,LIN3TX,I/O,,SPI7POCI,I/O,,EPWM13A,O,,FSI2TXD0,I/O,,OUTPUTXBAR0,O,,SPI5CS5,I/O,,,,,,,,,,,,,,,,,,,,,,,,,,,,,,,,,,,,,,,,,,,,,,,,,,,,,,,,,,,,,,,,,,,,,,,,,,,,,
DP0_27,LIN3RX,I/O,,SPI7CS0,I/O,,EPWM13B,O,,FSI2TXD1,I/O,,OUTPUTXBAR1,O,,SPI9CS5,I/O,,,,,,,,,,,,,,,,,,,,,,,,,,,,,,,,,,,,,,,,,,,,,,,,,,,,,,,,,,,,,,,,,,,,,,,,,,,,,
DP0_28,UART0TX,I/O,,SPI7CS1,I/O,,EPWM14A,O,,FSI2RXCLK,I/O,,OUTPUTXBAR2,O,,,,,,,,,,,,,,,,,,,,,,,,,,,,,,,,,,,,,,,,,,,,,,,,,,,,,,,,,,,,,,,,,,,,,,,,,,,,,,,,
DP0_29,UART0RX,I/O,,SPI7CS2,I/O,,EPWM14B,O,,FSI2RXD0,I/O,,OUTPUTXBAR3,O,,,,,,,,,,,,,,,,,,,,,,,,,,,,,,,,,,,,,,,,,,,,,,,,,,,,,,,,,,,,,,,,,,,,,,,,,,,,,,,,
DP0_30,SENT0TXRX,I/O,,SPI5CLK,I/O,,EPWM15A,O,,FSI2RXD1,I/O,,OUTPUTXBAR4,O,,,,,,,,,,,,,,,,,,,,,,,,,,,,,,,,,,,,,,,,,,,,,,,,,,,,,,,,,,,,,,,,,,,,,,,,,,,,,,,,
DP0_31,SENT1TXRX,I/O,,SPI5PICO,I/O,,EPWM15B,O,,FSI3TXCLK,I/O,,OUTPUTXBAR5,O,,,,,,,,,,,,,,,,,,,,,,,,,,,,,,,,,,,,,,,,,,,,,,,,,,,,,,,,,,,,,,,,,,,,,,,,,,,,,,,,
DP1_0,EPWM0A,O,,OUTPUTXBAR0,O,,SDFM0CLK,I,,FSI3RXCLK,I/O,,ADC0EXTMUXSEL0,O,,,,,,,,,,,,,,,,,,,,,,,,,,,,,,,,,,,,,,,,,,,,,,,,,,,,,,,,,,,,,,,,,,,,,,,,,,,,,,,,
DP1_1,EPWM0B,O,,OUTPUTXBAR1,O,,SDFM0DATA,I,,FSI3RXD0,I/O,,ADC0EXTMUXSEL1,O,,,,,,,,,,,,,,,,,,,,,,,,,,,,,,,,,,,,,,,,,,,,,,,,,,,,,,,,,,,,,,,,,,,,,,,,,,,,,,,,
DP1_2,EPWM1A,O,,OUTPUTXBAR2,O,,SDFM1CLK,I,,FSI3RXD1,I/O,,ADC0EXTMUXSEL2,O,,,,,,,,,,,,,,,,,,,,,,,,,,,,,,,,,,,,,,,,,,,,,,,,,,,,,,,,,,,,,,,,,,,,,,,,,,,,,,,,
DP1_3,EPWM1B,O,,OUTPUTXBAR3,O,,SDFM1DATA,I,,SPI8CS3,I/O,,ADC0EXTMUXSEL3,O,,,,,,,,,,,,,,,,,,,,,,,,,,,,,,,,,,,,,,,,,,,,,,,,,,,,,,,,,,,,,,,,,,,,,,,,,,,,,,,,
DP1_4,EPWM2A,O,,OUTPUTXBAR4,O,,SDFM2CLK,I,,SPI8CLK,I/O,,ADC2EXTMUXSEL0,O,,,,,,,,,,,,,,,,,,,,,,,,,,,,,,,,,,,,,,,,,,,,,,,,,,,,,,,,,,,,,,,,,,,,,,,,,,,,,,,,
DP1_5,EPWM2B,O,,OUTPUTXBAR5,O,,SDFM2DATA,I,,SPI8PICO,I/O,,ADC2EXTMUXSEL1,O,,,,,,,,,,,,,,,,,,,,,,,,,,,,,,,,,,,,,,,,,,,,,,,,,,,,,,,,,,,,,,,,,,,,,,,,,,,,,,,,
DP1_6,EPWM3A,O,,OUTPUTXBAR6,O,,SDFM3CLK,I,,SPI8POCI,I/O,,ADC2EXTMUXSEL2,O,,,,,,,,,,,,,,,,,,,,,,,,,,,,,,,,,,,,,,,,,,,,,,,,,,,,,,,,,,,,,,,,,,,,,,,,,,,,,,,,
DP1_7,EPWM3B,O,,OUTPUTXBAR7,O,,SDFM3DATA,I,,SPI8CS0,I/O,,ADC2EXTMUXSEL3,O,,,,,,,,,,,,,,,,,,,,,,,,,,,,,,,,,,,,,,,,,,,,,,,,,,,,,,,,,,,,,,,,,,,,,,,,,,,,,,,,
DP1_8,EPWM4A,O,,OUTPUTXBAR8,O,,SDFM4CLK,I,,SPI8CS1,I/O,,,,,,,,,,,,,,,,,,,,,,,,,,,,,,,,,,,,,,,,,,,,,,,,,,,,,,,,,,,,,,,,,,,,,,,,,,,,,,,,,,,
DP1_9,EPWM4B,O,,OUTPUTXBAR9,O,,SDFM4DATA,I,,SPI8CS2,I/O,,,,,,,,,,,,,,,,,,,,,,,,,,,,,,,,,,,,,,,,,,,,,,,,,,,,,,,,,,,,,,,,,,,,,,,,,,,,,,,,,,,
DP1_10,EPWM5A,O,,OUTPUTXBAR10,O,,SDFM5CLK,I,,,,,,,,,,,,,,,,,,,,,,,,,,,,,,,,,,,,,,,,,,,,,,,,,,,,,,,,,,,,,,,,,,,,,,,,,,,,,,,,,,,,,,
DP1_11,EPWM5B,O,,OUTPUTXBAR11,O,,SDFM5DATA,I,,,,,,,,,,,,,,,,,,,,,,,,,,,,,,,,,,,,,,,,,,,,,,,,,,,,,,,,,,,,,,,,,,,,,,,,,,,,,,,,,,,,,,
DP1_12,EPWM6A,O,,OUTPUTXBAR12,O,,SDFM6CLK,I,,,,,,,,,,,,,,,,,,,,,,,,,,,,,,,,,,,,,,,,,,,,,,,,,,,,,,,,,,,,,,,,,,,,,,,,,,,,,,,,,,,,,,
DP1_13,EPWM6B,O,,OUTPUTXBAR13,O,,SDFM6DATA,I,,UART0TX,I/O,,LIN0TX,I/O,,,,,,,,,,,,,,,,,,,,,,,,,,,,,,,,,,,,,,,,,,,,,,,,,,,,,,,,,,,,,,,,,,,,,,,,,,,,,,,,
DP1_14,EPWM7A,O,,OUTPUTXBAR14,O,,SDFM7CLK,I,,UART0RX,I/O,,LIN0RX,I/O,,,,,,,,,,,,,,,,,,,,,,,,,,,,,,,,,,,,,,,,,,,,,,,,,,,,,,,,,,,,,,,,,,,,,,,,,,,,,,,,
DP1_15,EPWM7B,O,,OUTPUTXBAR15,O,,SDFM7DATA,I,,SPI8CLK,I/O,,LIN1TX,I/O,,,,,,,,,,,,,,,,,,,,,,,,,,,,,,,,,,,,,,,,,,,,,,,,,,,,,,,,,,,,,,,,,,,,,,,,,,,,,,,,
DP1_16,EPWM8A,O,,OUTPUTXBAR0,O,,SDFM8CLK,I,,SPI8PICO,I/O,,LIN1RX,I/O,,,,,,,,,,,,,,,,,,,,,,,,,,,,,,,,,,,,,,,,,,,,,,,,,,,,,,,,,,,,,,,,,,,,,,,,,,,,,,,,
DP1_17,EPWM8B,O,,OUTPUTXBAR1,O,,SDFM8DATA,I,,SPI8POCI,I/O,,LIN2TX,I/O,,,,,,,,,,,,,,,,,,,,,,,,,,,,,,,,,,,,,,,,,,,,,,,,,,,,,,,,,,,,,,,,,,,,,,,,,,,,,,,,
DP1_18,EPWM9A,O,,OUTPUTXBAR2,O,,SDFM9CLK,I,,SPI8CS0,I/O,,LIN2RX,I/O,,,,,,,,,,,,,,,,,,,,,,,,,,,,,,,,,,,,,,,,,,,,,,,,,,,,,,,,,,,,,,,,,,,,,,,,,,,,,,,,
DP1_19,EPWM9B,O,,OUTPUTXBAR3,O,,SDFM9DATA,I,,SPI8CS1,I/O,,LIN3TX,I/O,,,,,,,,,,,,,,,,,,,,,,,,,,,,,,,,,,,,,,,,,,,,,,,,,,,,,,,,,,,,,,,,,,,,,,,,,,,,,,,,
DP1_20,EPWM10A,O,,OUTPUTXBAR4,O,,SDFM10CLK,I,,SPI8CS2,I/O,,LIN3RX,I/O,,,,,,,,,,,,,,,,,,,,,,,,,,,,,,,,,,,,,,,,,,,,,,,,,,,,,,,,,,,,,,,,,,,,,,,,,,,,,,,,
DP1_21,EPWM10B,O,,OUTPUTXBAR5,O,,SDFM10DATA,I,,SPI8CS3,I/O,,SPI4CS4,I/O,,,,,,,,,,,,,,,,,,,,,,,,,,,,,,,,,,,,,,,,,,,,,,,,,,,,,,,,,,,,,,,,,,,,,,,,,,,,,,,,
DP1_22,EPWM11A,O,,OUTPUTXBAR6,O,,SDFM11CLK,I,,SPI2CLK,I/O,,SPI4CS5,I/O,,,,,,,,,,,,,,,,,,,,,,,,,,,,,,,,,,,,,,,,,,,,,,,,,,,,,,,,,,,,,,,,,,,,,,,,,,,,,,,,
DP1_23,EPWM11B,O,,OUTPUTXBAR7,O,,SDFM11DATA,I,,SPI2PICO,I/O,,,,,,,,,,,,,,,,,,,,,,,,,,,,,,,,,,,,,,,,,,,,,,,,,,,,,,,,,,,,,,,,,,,,,,,,,,,,,,,,,,,
DP1_24,EPWM12A,O,,OUTPUTXBAR8,O,,ADC0EXTMUXSEL0,O,,SPI2POCI,I/O,,,,,,,,,,,,,,,,,,,,,,,,,,,,,,,,,,,,,,,,,,,,,,,,,,,,,,,,,,,,,,,,,,,,,,,,,,,,,,,,,,,
DP1_25,EPWM12B,O,,OUTPUTXBAR9,O,,ADC0EXTMUXSEL1,O,,SPI2CS0,I/O,,,,,,,,,,,,,,,,,,,,,,,,,,,,,,,,,,,,,,,,,,,,,,,,,,,,,,,,,,,,,,,,,,,,,,,,,,,,,,,,,,,
DP1_26,EPWM13A,O,,OUTPUTXBAR10,O,,ADC0EXTMUXSEL2,O,,SPI2CS1,I/O,,,,,,,,,,,,,,,,,,,,,,,,,,,,,,,,,,,,,,,,,,,,,,,,,,,,,,,,,,,,,,,,,,,,,,,,,,,,,,,,,,,
DP1_27,EPWM13B,O,,OUTPUTXBAR11,O,,ADC0EXTMUXSEL3,O,,SPI2CS2,I/O,,,,,,,,,,,,,,,,,,,,,,,,,,,,,,,,,,,,,,,,,,,,,,,,,,,,,,,,,,,,,,,,,,,,,,,,,,,,,,,,,,,
DP1_28,EPWM14A,O,,OUTPUTXBAR12,O,,ADC1EXTMUXSEL0,O,,SPI2CS3,I/O,,,,,,,,,,,,,,,,,,,,,,,,,,,,,,,,,,,,,,,,,,,,,,,,,,,,,,,,,,,,,,,,,,,,,,,,,,,,,,,,,,,
DP1_29,EPWM14B,O,,OUTPUTXBAR13,O,,ADC1EXTMUXSEL1,O,,SPI3CLK,I/O,,,,,,,,,,,,,,,,,,,,,,,,,,,,,,,,,,,,,,,,,,,,,,,,,,,,,,,,,,,,,,,,,,,,,,,,,,,,,,,,,,,
DP1_30,EPWM15A,O,,OUTPUTXBAR14,O,,ADC1EXTMUXSEL2,O,,SPI3PICO,I/O,,,,,,,,,,,,,,,,,,,,,,,,,,,,,,,,,,,,,,,,,,,,,,,,,,,,,,,,,,,,,,,,,,,,,,,,,,,,,,,,,,,
DP1_31,EPWM15B,O,,OUTPUTXBAR15,O,,ADC1EXTMUXSEL3,O,,SPI3POCI,I/O,,,,,,,,,,,,,,,,,,,,,,,,,,,,,,,,,,,,,,,,,,,,,,,,,,,,,,,,,,,,,,,,,,,,,,,,,,,,,,,,,,,
DP2_0,EPWM16A,O,,CLKOUT1,O,,ADC2EXTMUXSEL0,O,,SPI3CS0,I/O,,,,,,,,,,,,,,,,,,,,,,,,,,,,,,,,,,,,,,,,,,,,,,,,,,,,,,,,,,,,,,,,,,,,,,,,,,,,,,,,,,,
DP2_1,EPWM16B,O,,ADC4EXTMUXSEL0,O,,ADC2EXTMUXSEL1,O,,SPI3CS1,I/O,,,,,,,,,,,,,,,,,,,,,,,,,,,,,,,,,,,,,,,,,,,,,,,,,,,,,,,,,,,,,,,,,,,,,,,,,,,,,,,,,,,
DP2_2,EPWM17A,O,,ADC4EXTMUXSEL1,O,,ADC2EXTMUXSEL2,O,,SPI3CS2,I/O,,,,,,,,,,,,,,,,,,,,,,,,,,,,,,,,,,,,,,,,,,,,,,,,,,,,,,,,,,,,,,,,,,,,,,,,,,,,,,,,,,,
DP2_3,EPWM17B,O,,ADC4EXTMUXSEL2,O,,ADC2EXTMUXSEL3,O,,SPI3CS3,I/O,,,,,,,,,,,,,,,,,,,,,,,,,,,,,,,,,,,,,,,,,,,,,,,,,,,,,,,,,,,,,,,,,,,,,,,,,,,,,,,,,,,
DP2_4,EPWM18A,O,,ADC4EXTMUXSEL3,O,,ADC3EXTMUXSEL0,O,,SPI4CLK,I/O,,,,,,,,,,,,,,,,,,,,,,,,,,,,,,,,,,,,,,,,,,,,,,,,,,,,,,,,,,,,,,,,,,,,,,,,,,,,,,,,,,,
DP2_5,EPWM18B,O,,ADC5EXTMUXSEL0,O,,ADC3EXTMUXSEL1,O,,SPI4PICO,I/O,,,,,,,,,,,,,,,,,,,,,,,,,,,,,,,,,,,,,,,,,,,,,,,,,,,,,,,,,,,,,,,,,,,,,,,,,,,,,,,,,,,
DP2_6,EPWM19A,O,,ADC5EXTMUXSEL1,O,,ADC3EXTMUXSEL2,O,,SPI4POCI,I/O,,,,,,,,,,,,,,,,,,,,,,,,,,,,,,,,,,,,,,,,,,,,,,,,,,,,,,,,,,,,,,,,,,,,,,,,,,,,,,,,,,,
DP2_7,EPWM19B,O,,ADC5EXTMUXSEL2,O,,ADC3EXTMUXSEL3,O,,SPI4CS0,I/O,,,,,,,,,,,,,,,,,,,,,,,,,,,,,,,,,,,,,,,,,,,,,,,,,,,,,,,,,,,,,,,,,,,,,,,,,,,,,,,,,,,
DP2_8,EPWM20A,O,,ADC5EXTMUXSEL3,O,,ADC4EXTMUXSEL0,O,,SPI4CS1,I/O,,,,,,,,,,,,,,,,,,,,,,,,,,,,,,,,,,,,,,,,,,,,,,,,,,,,,,,,,,,,,,,,,,,,,,,,,,,,,,,,,,,
DP2_9,EPWM20B,O,,CLKOUT1,O,,ADC4EXTMUXSEL1,O,,SPI4CS2,I/O,,,,,,,,,,,,,,,,,,,,,,,,,,,,,,,,,,,,,,,,,,,,,,,,,,,,,,,,,,,,,,,,,,,,,,,,,,,,,,,,,,,
DP2_10,EPWM21A,O,,CLKOUT2,O,,ADC4EXTMUXSEL2,O,,SPI4CS3,I/O,,,,,,,,,,,,,,,,,,,,,,,,,,,,,,,,,,,,,,,,,,,,,,,,,,,,,,,,,,,,,,,,,,,,,,,,,,,,,,,,,,,
DP2_11,EPWM21B,O,,,,,ADC4EXTMUXSEL3,O,,SPI5CLK,I/O,,,,,,,,,,,,,,,,,,,,,,,,,,,,,,,,,,,,,,,,,,,,,,,,,,,,,,,,,,,,,,,,,,,,,,,,,,,,,,,,,,,
DP2_12,EPWM22A,O,,MCASP0EXTREFCLK,I/O,,ADC5EXTMUXSEL0,O,,SPI5PICO,I/O,,,,,FSI1TXCLK,I/O,,,,,,,,,,,,,,,,,,,,,,,,,,,,,,,,,,,,,,,,,,,,,,,,,,,,,,,,,,,,,,,,,,,,,,,,,,,,,
DP2_13,EPWM22B,O,,MCASP0ACLKX,I/O,,ADC5EXTMUXSEL1,O,,SPI5POCI,I/O,,I2C0SDA,I/O,,FSI1TXD0,I/O,,,,,,,,,,,,,,,,,,,,,,,,,,,,,,,,,,,,,,,,,,,,,,,,,,,,,,,,,,,,,,,,,,,,,,,,,,,,,
DP2_14,EPWM23A,O,,MCASP0AFSX,I/O,,ADC5EXTMUXSEL2,O,,SPI5CS0,I/O,,I2C0SCL,I/O,,FSI1TXD1,I/O,,,,,,,,,,,,,,,,,,,,,,,,,,,,,,,,,,,,,,,,,,,,,,,,,,,,,,,,,,,,,,,,,,,,,,,,,,,,,
DP2_15,EPWM23B,O,,MCASP0ACLKR,I/O,,ADC5EXTMUXSEL3,O,,SPI5CS1,I/O,,I2C1SDA,I/O,,FSI1RXCLK,I/O,,,,,,,,,,,,,,,,,,,,,,,,,,,,,,,,,,,,,,,,,,,,,,,,,,,,,,,,,,,,,,,,,,,,,,,,,,,,,
DP2_16,EPWM24A,O,,MCASP0AFSR,I/O,,ADC6EXTMUXSEL0,O,,SPI5CS2,I/O,,I2C1SCL,I/O,,FSI1RXD0,I/O,,,,,,,,,,,,,,,,,,,,,,,,,,,,,,,,,,,,,,,,,,,,,,,,,,,,,,,,,,,,,,,,,,,,,,,,,,,,,
DP2_17,EPWM24B,O,,MCASP0AXR0,I/O,,ADC6EXTMUXSEL1,O,,SPI5CS3,I/O,,I2C2SDA,I/O,,FSI1RXD1,I/O,,,,,,,,,,,,,,,,,,,,,,,,,,,,,,,,,,,,,,,,,,,,,,,,,,,,,,,,,,,,,,,,,,,,,,,,,,,,,
DP2_18,EPWM25A,O,,MCASP0AXR1,I/O,,ADC6EXTMUXSEL2,O,,SPI6CLK,I/O,,I2C2SCL,I/O,,FSI2TXCLK,I/O,,,,,,,,,,,,,,,,,,,,,,,,,,,,,,,,,,,,,,,,,,,,,,,,,,,,,,,,,,,,,,,,,,,,,,,,,,,,,
DP2_19,EPWM25B,O,,MCASP0AXR2,I/O,,ADC6EXTMUXSEL3,O,,SPI6PICO,I/O,,I2C3SDA,I/O,,FSI2TXD0,I/O,,,,,,,,,,,,,,,,,,,,,,,,,,,,,,,,,,,,,,,,,,,,,,,,,,,,,,,,,,,,,,,,,,,,,,,,,,,,,
DP2_20,EPWM26A,O,,MCASP0AXR3,I/O,,ADC7EXTMUXSEL0,O,,SPI6POCI,I/O,,I2C3SCL,I/O,,FSI2TXD1,I/O,,,,,,,,,,,,,,,,,,,,,,,,,,,,,,,,,,,,,,,,,,,,,,,,,,,,,,,,,,,,,,,,,,,,,,,,,,,,,
DP2_21,EPWM26B,O,,CAN6TX,I/O,,ADC7EXTMUXSEL1,O,,SPI6CS0,I/O,,SPI8CS4,I/O,,MCPWM2A,I/O,,,,,,,,,,,,,,,,,,,,,,,,,,,,,,,,,,,,,,,,,,,,,,,,,,,,,,,,,,,,,,,,,,,,,,,,,,,,,
DP2_22,EPWM27A,O,,CAN6RX,I/O,,ADC7EXTMUXSEL2,O,,SPI6CS1,I/O,,SPI8CS5,I/O,,MCPWM2B,I/O,,,,,,,,,,,,,,,,,,,,,,,,,,,,,,,,,,,,,,,,,,,,,,,,,,,,,,,,,,,,,,,,,,,,,,,,,,,,,
DP2_23,EPWM27B,O,,CAN7TX,I/O,,ADC7EXTMUXSEL3,O,,SPI6CS2,I/O,,SPI3CS4,I/O,,MCPWM2C,I/O,,,,,,,,,,,,,,,,,,,,,,,,,,,,,,,,,,,,,,,,,,,,,,,,,,,,,,,,,,,,,,,,,,,,,,,,,,,,,
DP2_24,EPWM28A,O,,CAN7RX,I/O,,ADCSOC0,I/O,,SPI6CS3,I/O,,SPI3CS5,I/O,,MCPWM2D,I/O,,,,,,,,,,,,,,,,,,,,,,,,,,,,,,,,,,,,,,,,,,,,,,,,,,,,,,,,,,,,,,,,,,,,,,,,,,,,,
DP2_25,EPWM28B,O,,CAN8TX,I/O,,ADCSOC1,I/O,,SPI7CLK,I/O,,LIN6TX,I/O,,MCPWM2E,I/O,,,,,,,,,,,,,,,,,,,,,,,,,,,,,,,,,,,,,,,,,,,,,,,,,,,,,,,,,,,,,,,,,,,,,,,,,,,,,
DP2_26,EPWM29A,O,,CAN8RX,I/O,,SPI6CLK,I/O,,SPI7PICO,I/O,,LIN6RX,I/O,,MCPWM2F,I/O,,,,,,,,,,,,,,,,,,,,,,,,,,,,,,,,,,,,,,,,,,,,,,,,,,,,,,,,,,,,,,,,,,,,,,,,,,,,,
DP2_27,EPWM29B,O,,CAN9TX,I/O,,SPI6PICO,I/O,,SPI7POCI,I/O,,LIN7TX,I/O,,MCPWM3A,I/O,,,,,,,,,,,,,,,,,,,,,,,,,,,,,,,,,,,,,,,,,,,,,,,,,,,,,,,,,,,,,,,,,,,,,,,,,,,,,
DP2_28,EPWM30A,O,,CAN9RX,I/O,,SPI6POCI,I/O,,SPI7CS0,I/O,,LIN7RX,I/O,,MCPWM3B,I/O,,,,,,,,,,,,,,,,,,,,,,,,,,,,,,,,,,,,,,,,,,,,,,,,,,,,,,,,,,,,,,,,,,,,,,,,,,,,,
DP2_29,EPWM30B,O,,CAN10TX,I/O,,SPI6CS0,I/O,,SPI7CS1,I/O,,SDFM7CLK,I,,MCPWM3C,I/O,,,,,,,,,,,,,,,,,,,,,,,,,,,,,,,,,,,,,,,,,,,,,,,,,,,,,,,,,,,,,,,,,,,,,,,,,,,,,
DP2_30,EPWM31A,O,,CAN10RX,I/O,,SPI6CS1,I/O,,SPI7CS2,I/O,,SDFM7DATA,I,,MCPWM3D,I/O,,,,,,,,,,,,,,,,,,,,,,,,,,,,,,,,,,,,,,,,,,,,,,,,,,,,,,,,,,,,,,,,,,,,,,,,,,,,,
DP2_31,EPWM31B,O,,CAN11TX,I/O,,SPI6CS2,I/O,,SPI7CS3,I/O,,SDFM0CLK,I,,MCPWM3E,I/O,,,,,,,,,,,,,,,,,,,,,,,,,,,,,,,,,,,,,,,,,,,,,,,,,,,,,,,,,,,,,,,,,,,,,,,,,,,,,
DP3_0,EPWMSYNCO,O,,CAN11RX,I/O,,SPI6CS3,I/O,,SPI8CLK,I/O,,SDFM0DATA,I,,MCPWM3F,I/O,,,,,,,,,,,,,,,,,,,,,,,,,,,,,,,,,,,,,,,,,,,,,,,,,,,,,,,,,,,,,,,,,,,,,,,,,,,,,
DP3_1,SENT2TXRX,I/O,,SPI5POCI,I/O,,EPWM16A,O,,FSI3TXD0,I/O,,SPI4CLK,I/O,,ADC3EXTMUXSEL0,O,,,,,,,,,,,,,,,,,,,,,,,,,,,,,,,,,,,,,,,,,,,,,,,,,,,,,,,,,,,,,,,,,,,,,,,,,,,,,
DP3_2,SENT3TXRX,I/O,,SPI5CS0,I/O,,EPWM16B,O,,FSI3TXD1,I/O,,SPI4PICO,I/O,,ADC3EXTMUXSEL1,O,,,,,,,,,,,,,,,,,,,,,,,,,,,,,,,,,,,,,,,,,,,,,,,,,,,,,,,,,,,,,,,,,,,,,,,,,,,,,
DP3_3,SENT4TXRX,I/O,,SPI5CS1,I/O,,EPWM17A,O,,FSI3RXCLK,I/O,,SPI4POCI,I/O,,ADC3EXTMUXSEL2,O,,,,,,,,,,,,,,,,,,,,,,,,,,,,,,,,,,,,,,,,,,,,,,,,,,,,,,,,,,,,,,,,,,,,,,,,,,,,,
DP3_4,MIBSPI0CLK,I/O,,SPI5CS2,I/O,,EPWM17B,O,,FSI3RXD0,I/O,,SPI4CS0,I/O,,ADC3EXTMUXSEL3,O,,,,,,,,,,,,,,,,,,,,,,,,,,,,,,,,,,,,,,,,,,,,,,,,,,,,,,,,,,,,,,,,,,,,,,,,,,,,,
DP3_5,MIBSPI0PICO,I/O,,SPI5CS3,I/O,,EPWM18A,O,,FSI3RXD1,I/O,,SPI4CS1,I/O,,,,,,,,,,,,,,,,,,,,,,,,,,,,,,,,,,,,,,,,,,,,,,,,,,,,,,,,,,,,,,,,,,,,,,,,,,,,,,,,
DP3_6,MIBSPI0POCI,I/O,,SPI3CS4,I/O,,EPWM18B,O,,FSI4TXCLK,I/O,,SPI4CS2,I/O,,,,,,,,,,,,,,,,,,,,,,,,,,,,,,,,,,,,,,,,,,,,,,,,,,,,,,,,,,,,,,,,,,,,,,,,,,,,,,,,
DP3_7,MIBSPI0CS0,I/O,,EXTCLK,I,,EPWM19A,O,,FSI4TXD0,I/O,,SPI4CS3,I/O,,,,,,,,,,,,,,,,,,,,,,,,,,,,,,,,,,,,,,,,,,,,,,,,,,,,,,,,,,,,,,,,,,,,,,,,,,,,,,,,
DP3_8,MIBSPI0CS1,I/O,,SPI4CLK,I/O,,EPWM19B,O,,FSI4TXD1,I/O,,SPI5CLK,I/O,,,,,,,,,,,,,,,,,,,,,,,,,,,,,,,,,,,,,,,,,,,,,,,,,,,,,,,,,,,,,,,,,,,,,,,,,,,,,,,,
DP3_9,MIBSPI0CS2,I/O,,SPI4PICO,I/O,,EPWM20A,O,,FSI4RXCLK,I/O,,SPI5PICO,I/O,,,,,,,,,,,,,,,,,,,,,,,,,,,,,,,,,,,,,,,,,,,,,,,,,,,,,,,,,,,,,,,,,,,,,,,,,,,,,,,,
DP3_10,MIBSPI0CS3,I/O,,SPI4POCI,I/O,,EPWM20B,O,,FSI4RXD0,I/O,,SPI5POCI,I/O,,PSI5_2_TX,I/O,,,,,,,,,,,,,,,,,,,,,,,,,,,,,,,,,,,,,,,,,,,,,,,,,,,,,,,,,,,,,,,,,,,,,,,,,,,,,
DP3_11,MIBSPI1CLK,I/O,,SPI3CS5,I/O,,EPWM21A,O,,FSI4RXD1,I/O,,SPI5CS0,I/O,,PSI5_2_RX,I/O,,,,,,,,,,,,,,,,,,,,,,,,,,,,,,,,,,,,,,,,,,,,,,,,,,,,,,,,,,,,,,,,,,,,,,,,,,,,,
DP3_12,MIBSPI1PICO,I/O,,MCPWM10A,I/O,,EPWM21B,O,,FSI5TXCLK,I/O,,SPI5CS1,I/O,,PSI5_3_TX,I/O,,,,,,,,,,,,,,,,,,,,,,,,,,,,,,,,,,,,,,,,,,,,,,,,,,,,,,,,,,,,,,,,,,,,,,,,,,,,,
DP3_13,MIBSPI1POCI,I/O,,MCPWM10B,I/O,,EPWM22A,O,,FSI5TXD0,I/O,,SPI5CS2,I/O,,PSI5_3_RX,I/O,,,,,,,,,,,,,,,,,,,,,,,,,,,,,,,,,,,,,,,,,,,,,,,,,,,,,,,,,,,,,,,,,,,,,,,,,,,,,
DP3_14,MIBSPI1CS0,I/O,,ADC2EXTMUXSEL3,O,,EPWM22B,O,,FSI5TXD1,I/O,,SPI5CS3,I/O,,MIBSPI1CS4,I/O,,,,,,,,,,,,,,,,,,,,,,,,,,,,,,,,,,,,,,,,,,,,,,,,,,,,,,,,,,,,,,,,,,,,,,,,,,,,,
DP3_15,MIBSPI1CS1,I/O,,SPI4CS0,I/O,,EPWM23A,O,,FSI5RXCLK,I/O,,SPI6CLK,I/O,,MIBSPI1CS5,I/O,,,,,,,,,,,,,,,,,,,,,,,,,,,,,,,,,,,,,,,,,,,,,,,,,,,,,,,,,,,,,,,,,,,,,,,,,,,,,
DP3_16,MIBSPI1CS2,I/O,,SPI4CS1,I/O,,EPWM23B,O,,FSI5RXD0,I/O,,SPI6PICO,I/O,,MIBSPI1CS6,I/O,,,,,,,,,,,,,,,,,,,,,,,,,,,,,,,,,,,,,,,,,,,,,,,,,,,,,,,,,,,,,,,,,,,,,,,,,,,,,
DP3_17,MCPWM0A,I/O,,SPI4CS2,I/O,,EPWM24A,O,,FSI5RXD1,I/O,,SPI6POCI,I/O,,MIBSPI1CS7,I/O,,,,,,,,,,,,,,,,,,,,,,,,,,,,,,,,,,,,,,,,,,,,,,,,,,,,,,,,,,,,,,,,,,,,,,,,,,,,,
DP3_18,MCPWM0B,I/O,,SPI4CS3,I/O,,EPWM24B,O,,MCPWM7E,I/O,,SPI6CS0,I/O,,MIBSPI1CS8,I/O,,,,,,,,,,,,,,,,,,,,,,,,,,,,,,,,,,,,,,,,,,,,,,,,,,,,,,,,,,,,,,,,,,,,,,,,,,,,,
DP3_19,MCPWM0C,I/O,,ADC1EXTMUXSEL0,O,,EPWM25A,O,,MCPWM7F,I/O,,SPI6CS1,I/O,,MIBSPI1CS9,I/O,,,,,,,,,,,,,,,,,,,,,,,,,,,,,,,,,,,,,,,,,,,,,,,,,,,,,,,,,,,,,,,,,,,,,,,,,,,,,
DP3_20,MCPWM0D,I/O,,ADC1EXTMUXSEL1,O,,EPWM25B,O,,MCPWM8A,I/O,,SPI6CS2,I/O,,MIBSPI1CS10,I/O,,,,,,,,,,,,,,,,,,,,,,,,,,,,,,,,,,,,,,,,,,,,,,,,,,,,,,,,,,,,,,,,,,,,,,,,,,,,,
DP3_21,MCPWM0E,I/O,,ADC1EXTMUXSEL2,O,,EPWM26A,O,,MCPWM8B,I/O,,SPI6CS3,I/O,,MIBSPI1CS11,I/O,,,,,,,,,,,,,,,,,,,,,,,,,,,,,,,,,,,,,,,,,,,,,,,,,,,,,,,,,,,,,,,,,,,,,,,,,,,,,
DP3_22,MCPWM0F,I/O,,ADC1EXTMUXSEL3,O,,EPWM26B,O,,MCPWM8C,I/O,,EPWM31B,O,,SPI3CLK,I/O,,,,,,,,,,,,,,,,,,,,,,,,,,,,,,,,,,,,,,,,,,,,,,,,,,,,,,,,,,,,,,,,,,,,,,,,,,,,,
DP3_23,MCPWM1A,I/O,,FSI5TXCLK,I/O,,EPWM27A,O,,MCPWM8D,I/O,,EPWM31A,O,,SPI3PICO,I/O,,,,,,,,,,,,,,,,,,,,,,,,,,,,,,,,,,,,,,,,,,,,,,,,,,,,,,,,,,,,,,,,,,,,,,,,,,,,,
DP3_24,MCPWM1B,I/O,,FSI5TXD0,I/O,,EPWM27B,O,,MCPWM8E,I/O,,EPWM30B,O,,SPI3POCI,I/O,,,,,,,,,,,,,,,,,,,,,,,,,,,,,,,,,,,,,,,,,,,,,,,,,,,,,,,,,,,,,,,,,,,,,,,,,,,,,
DP3_25,MCPWM1C,I/O,,FSI5TXD1,I/O,,EPWM28A,O,,MCPWM8F,I/O,,EPWM30A,O,,SPI3CS0,I/O,,,,,,,,,,,,,,,,,,,,,,,,,,,,,,,,,,,,,,,,,,,,,,,,,,,,,,,,,,,,,,,,,,,,,,,,,,,,,
DP3_26,MCPWM1D,I/O,,FSI5RXCLK,I/O,,EPWM28B,O,,MCPWM9A,I/O,,EPWM29B,O,,SPI3CS1,I/O,,,,,,,,,,,,,,,,,,,,,,,,,,,,,,,,,,,,,,,,,,,,,,,,,,,,,,,,,,,,,,,,,,,,,,,,,,,,,
DP3_27,MCPWM1E,I/O,,FSI5RXD0,I/O,,EPWM29A,O,,MCPWM9B,I/O,,EPWM29A,O,,SPI3CS2,I/O,,,,,,,,,,,,,,,,,,,,,,,,,,,,,,,,,,,,,,,,,,,,,,,,,,,,,,,,,,,,,,,,,,,,,,,,,,,,,
DP3_28,MCPWM1F,I/O,,FSI5RXD1,I/O,,EPWM29B,O,,MCPWM9C,I/O,,EPWM28B,O,,SPI3CS3,I/O,,,,,,,,,,,,,,,,,,,,,,,,,,,,,,,,,,,,,,,,,,,,,,,,,,,,,,,,,,,,,,,,,,,,,,,,,,,,,
DP3_29,MIBSPI1CS3,I/O,,SPI8CLK,I/O,,I2C0SDA,I/O,,MCPWM9D,I/O,,EPWM28A,O,,,,,,,,,,,,,,,,,,,,,,,,,,,,,,,,,,,,,,,,,,,,,,,,,,,,,,,,,,,,,,,,,,,,,,,,,,,,,,,,
DP3_30,PSI5_0_TX,I/O,,SPI8PICO,I/O,,I2C0SCL,I/O,,MCPWM9E,I/O,,EPWM27B,O,,,,,,,,,,,,,,,,,,,,,,,,,,,,,,,,,,,,,,,,,,,,,,,,,,,,,,,,,,,,,,,,,,,,,,,,,,,,,,,,
DP3_31,PSI5_0_RX,I/O,,SPI8POCI,I/O,,I2C1SDA,I/O,,MCPWM9F,I/O,,EPWM27A,O,,,,,,,,,,,,,,,,,,,,,,,,,,,,,,,,,,,,,,,,,,,,,,,,,,,,,,,,,,,,,,,,,,,,,,,,,,,,,,,,
DP4_0,PSI5_1_TX,I/O,,SPI8CS0,I/O,,I2C1SCL,I/O,,MCPWM10A,I/O,,EPWM26B,O,,,,,,,,,,,,,,,,,,,,,,,,,,,,,,,,,,,,,,,,,,,,,,,,,,,,,,,,,,,,,,,,,,,,,,,,,,,,,,,,
DP4_1,PSI5_1_RX,I/O,,SPI8CS1,I/O,,I2C2SDA,I/O,,MCPWM10B,I/O,,EPWM26A,O,,,,,,,,,,,,,,,,,,,,,,,,,,,,,,,,,,,,,,,,,,,,,,,,,,,,,,,,,,,,,,,,,,,,,,,,,,,,,,,,
DP4_2,SPI3CLK,I/O,,SPI8CS2,I/O,,I2C2SCL,I/O,,MCPWM10C,I/O,,EPWM25B,O,,,,,,,,,,,,,,,,,,,,,,,,,,,,,,,,,,,,,,,,,,,,,,,,,,,,,,,,,,,,,,,,,,,,,,,,,,,,,,,,
DP4_3,SPI3PICO,I/O,,SPI8CS3,I/O,,I2C3SDA,I/O,,MCPWM10D,I/O,,EPWM25A,O,,,,,,,,,,,,,,,,,,,,,,,,,,,,,,,,,,,,,,,,,,,,,,,,,,,,,,,,,,,,,,,,,,,,,,,,,,,,,,,,
DP4_4,SPI3POCI,I/O,,,,,I2C3SCL,I/O,,MCPWM10E,I/O,,EPWM24B,O,,SPI2CS4,I/O,,,,,,,,,,,,,,,,,,,,,,,,,,,,,,,,,,,,,,,,,,,,,,,,,,,,,,,,,,,,,,,,,,,,,,,,,,,,,
DP4_5,SPI3CS0,I/O,,SPI3CS1,I/O,,,,,MCPWM10F,I/O,,EPWM24A,O,,SPI2CS5,I/O,,,,,,,,,,,,,,,,,,,,,,,,,,,,,,,,,,,,,,,,,,,,,,,,,,,,,,,,,,,,,,,,,,,,,,,,,,,,,
DP4_6,RGMII1TXCLK,I/O,,SPI3CS2,I/O,,MCPWM6A,I/O,,MCASP0EXTREFCLK,I/O,,EPWM23B,O,,UART1TX,I/O,,ADC6EXTMUXSEL0,O,,,,,,,,,,,,,,,,,,,,,,,,,,,,,,,,,,,,,,,,,,,,,,,,,,,,,,,,,,,,,,,,,,,,,,,,,,
DP4_7,RGMII1TXD0,I/O,,SPI3CS3,I/O,,MCPWM6B,I/O,,MCASP0ACLKX,I/O,,EPWM23A,O,,UART1RX,I/O,,ADC6EXTMUXSEL1,O,,,,,,,,,,,,,,,,,,,,,,,,,,,,,,,,,,,,,,,,,,,,,,,,,,,,,,,,,,,,,,,,,,,,,,,,,,
DP4_8,RGMII1TXD1,I/O,,PSI5_0_TX,I/O,,MCPWM6C,I/O,,MCASP0AFSX,I/O,,EPWM22B,O,,MIBSPI0CLK,I/O,,ADC6EXTMUXSEL2,O,,,,,,,,,,,,,,,,,,,,,,,,,,,,,,,,,,,,,,,,,,,,,,,,,,,,,,,,,,,,,,,,,,,,,,,,,,
DP4_9,RGMII1TXD2,I/O,,PSI5_0_RX,I/O,,MCPWM6D,I/O,,MCASP0ACLKR,I/O,,EPWM22A,O,,MIBSPI0PICO,I/O,,ADC6EXTMUXSEL3,O,,,,,,,,,,,,,,,,,,,,,,,,,,,,,,,,,,,,,,,,,,,,,,,,,,,,,,,,,,,,,,,,,,,,,,,,,,
DP4_10,RGMII1TXD3,I/O,,PSI5_1_TX,I/O,,MCPWM6E,I/O,,MCASP0AFSR,I/O,,EPWM21B,O,,MIBSPI0POCI,I/O,,ADC7EXTMUXSEL0,O,,,,,,,,,,,,,,,,,,,,,,,,,,,,,,,,,,,,,,,,,,,,,,,,,,,,,,,,,,,,,,,,,,,,,,,,,,
DP4_11,RGMII1TXCTL,I/O,,PSI5_1_RX,I/O,,MCPWM6F,I/O,,MCASP0AXR0,I/O,,EPWM21A,O,,MIBSPI0CS0,I/O,,ADC7EXTMUXSEL1,O,,,,,,,,,,,,,,,,,,,,,,,,,,,,,,,,,,,,,,,,,,,,,,,,,,,,,,,,,,,,,,,,,,,,,,,,,,
DP4_12,RGMII1RXCLK,I/O,,FSI4TXCLK,I/O,,MCPWM7A,I/O,,MCASP0AXR1,I/O,,EPWM20B,O,,MIBSPI0CS1,I/O,,ADC7EXTMUXSEL2,O,,,,,,,,,,,,,,,,,,,,,,,,,,,,,,,,,,,,,,,,,,,,,,,,,,,,,,,,,,,,,,,,,,,,,,,,,,
DP4_13,RGMII1RXD0,I/O,,FSI4TXD0,I/O,,MCPWM7B,I/O,,MCASP0AXR2,I/O,,EPWM20A,O,,MIBSPI0CS2,I/O,,ADC7EXTMUXSEL3,O,,,,,,,,,,,,,,,,,,,,,,,,,,,,,,,,,,,,,,,,,,,,,,,,,,,,,,,,,,,,,,,,,,,,,,,,,,
DP4_14,RGMII1RXD1,I/O,,FSI4TXD1,I/O,,MCPWM7C,I/O,,MCASP0AXR3,I/O,,EPWM19B,O,,MIBSPI0CS3,I/O,,,,,,,,,,,,,,,,,,,,,,,,,,,,,,,,,,,,,,,,,,,,,,,,,,,,,,,,,,,,,,,,,,,,,,,,,,,,,
DP4_15,RGMII1RXD2,I/O,,FSI4RXCLK,I/O,,MCPWM7D,I/O,,MCPWM9D,I/O,,EPWM19A,O,,SENT0TXRX,I/O,,MIBSPI0CS4,I/O,,,,,,,,,,,,,,,,,,,,,,,,,,,,,,,,,,,,,,,,,,,,,,,,,,,,,,,,,,,,,,,,,,,,,,,,,,
DP4_16,RGMII1RXD3,I/O,,FSI4RXD0,I/O,,MCPWM7E,I/O,,MCPWM9E,I/O,,EPWM18B,O,,SENT1TXRX,I/O,,MIBSPI0CS5,I/O,,,,,,,,,,,,,,,,,,,,,,,,,,,,,,,,,,,,,,,,,,,,,,,,,,,,,,,,,,,,,,,,,,,,,,,,,,
DP4_17,RGMII1RXCTL,I/O,,FSI4RXD1,I/O,,MCPWM7F,I/O,,MCPWM9F,I/O,,EPWM18A,O,,SENT2TXRX,I/O,,MIBSPI0CS6,I/O,,,,,,,,,,,,,,,,,,,,,,,,,,,,,,,,,,,,,,,,,,,,,,,,,,,,,,,,,,,,,,,,,,,,,,,,,,
DP4_18,SPI2CS4,I/O,,,,,,,,,,,EPWM17B,O,,,,,,,,,,,,,,,,,,,,,,,,,,,,,,,,,,,,,,,,,,,,,,,,,,,,,,,,,,,,,,,,,,,,,,,,,,,,,,,,
DP4_19,SPI2CS5,I/O,,,,,,,,,,,EPWM17A,O,,,,,,,,,,,,,,,,,,,,,,,,,,,,,,,,,,,,,,,,,,,,,,,,,,,,,,,,,,,,,,,,,,,,,,,,,,,,,,,,
DP4_20,XSPI0CLK,I/O,,RDC0PWM_N,I/O,,EPWM30A,O,,MCASP0EXTREFCLK,I/O,,EPWM16B,O,,MIBSPI1CLK,I/O,,MIBSPI0CS7,I/O,,,,,,,,,,,,,,,,,,,,,,,,,,,,,,,,,,,,,,,,,,,,,,,,,,,,,,,,,,,,,,,,,,,,,,,,,,
DP4_21,XSPI0CS0,I/O,,RDC0PWM_P,I/O,,EPWM30B,O,,MCASP0ACLKX,I/O,,EPWM16A,O,,MIBSPI1PICO,I/O,,MIBSPI0CS8,I/O,,,,,,,,,,,,,,,,,,,,,,,,,,,,,,,,,,,,,,,,,,,,,,,,,,,,,,,,,,,,,,,,,,,,,,,,,,
DP4_22,XSPI0CS1,I/O,,RDC1PWM_N,I/O,,EPWM31A,O,,MCASP0AFSX,I/O,,EPWM15B,O,,MIBSPI1POCI,I/O,,MIBSPI0CS9,I/O,,,,,,,,,,,,,,,,,,,,,,,,,,,,,,,,,,,,,,,,,,,,,,,,,,,,,,,,,,,,,,,,,,,,,,,,,,
DP4_23,XSPI0DS0,I/O,,RDC1PWM_P,I/O,,EPWM31B,O,,MCASP0ACLKR,I/O,,EPWM15A,O,,MIBSPI1CS0,I/O,,MIBSPI0CS10,I/O,,,,,,,,,,,,,,,,,,,,,,,,,,,,,,,,,,,,,,,,,,,,,,,,,,,,,,,,,,,,,,,,,,,,,,,,,,
DP4_24,XSPI0DS1,I/O,,LIN4TX,I/O,,EPWMSYNCO,O,,MCASP0AFSR,I/O,,EPWM14B,O,,MIBSPI1CS1,I/O,,MIBSPI0CS11,I/O,,,,,,,,,,,,,,,,,,,,,,,,,,,,,,,,,,,,,,,,,,,,,,,,,,,,,,,,,,,,,,,,,,,,,,,,,,
DP4_25,XSPI0DS2,I/O,,LIN4RX,I/O,,SPI2CS4,I/O,,MCASP0AXR0,I/O,,EPWM14A,O,,MIBSPI1CS2,I/O,,,,,,,,,,,,,,,,,,,,,,,,,,,,,,,,,,,,,,,,,,,,,,,,,,,,,,,,,,,,,,,,,,,,,,,,,,,,,
DP4_26,XSPI0DS3,I/O,,LIN5TX,I/O,,MCPWM10A,I/O,,MCASP0AXR1,I/O,,EPWM13B,O,,MIBSPI1CS3,I/O,,,,,,,,,,,,,,,,,,,,,,,,,,,,,,,,,,,,,,,,,,,,,,,,,,,,,,,,,,,,,,,,,,,,,,,,,,,,,
DP4_27,XSPI0DS4,I/O,,LIN5RX,I/O,,MCPWM10B,I/O,,MCASP0AXR2,I/O,,EPWM13A,O,,SPI2CS5,I/O,,,,,,,,,,,,,,,,,,,,,,,,,,,,,,,,,,,,,,,,,,,,,,,,,,,,,,,,,,,,,,,,,,,,,,,,,,,,,
DP4_28,XSPI0DS5,I/O,,LIN6TX,I/O,,MCPWM10C,I/O,,MCASP0AXR3,I/O,,EPWM12B,O,,CAN0TX,I/O,,,,,,,,,,,,,,,,,,,,,,,,,,,,,,,,,,,,,,,,,,,,,,,,,,,,,,,,,,,,,,,,,,,,,,,,,,,,,
DP4_29,XSPI0DS6,I/O,,LIN6RX,I/O,,MCPWM10D,I/O,,MSC0CLK,I/O,,EPWM12A,O,,CAN0RX,I/O,,,,,,,,,,,,,,,,,,,,,,,,,,,,,,,,,,,,,,,,,,,,,,,,,,,,,,,,,,,,,,,,,,,,,,,,,,,,,
DP4_30,XSPI0DS7,I/O,,SENT5TXRX,I/O,,MCPWM10E,I/O,,MSC0SI,I/O,,EPWM11B,O,,CAN1TX,I/O,,SPI4CLK,I/O,,,,,,,,,,,,,,,,,,,,,,,,,,,,,,,,,,,,,,,,,,,,,,,,,,,,,,,,,,,,,,,,,,,,,,,,,,
DP4_31,XSPI0DQS,I/O,,EXTCLK,I,,MCPWM10F,I/O,,MSC0SO,I/O,,EPWM11A,O,,CAN1RX,I/O,,SPI4PICO,I/O,,,,,,,,,,,,,,,,,,,,,,,,,,,,,,,,,,,,,,,,,,,,,,,,,,,,,,,,,,,,,,,,,,,,,,,,,,
DP5_0,GMII_MDC,I/O,,MIBSPI0CS2,I/O,,MCPWM7C,I/O,,MSC0CS0,I/O,,EPWM10B,O,,PSI5_0_TX,I/O,,SPI4POCI,I/O,,,,,,,,,,,,,,,,,,,,,,,,,,,,,,,,,,,,,,,,,,,,,,,,,,,,,,,,,,,,,,,,,,,,,,,,,,
DP5_1,GMII_MDIO,I/O,,MIBSPI0CS3,I/O,,MCPWM7D,I/O,,MSC0CS1,I/O,,EPWM10A,O,,PSI5_0_RX,I/O,,SPI4CS0,I/O,,,,,,,,,,,,,,,,,,,,,,,,,,,,,,,,,,,,,,,,,,,,,,,,,,,,,,,,,,,,,,,,,,,,,,,,,,
DP5_2,RGMII0TXCLK,I/O,,SPI9CLK,I/O,,MCPWM2A,I/O,,MSC0CS2,I/O,,EPWM9B,O,,PSI5_1_TX,I/O,,SPI4CS1,I/O,,,,,,,,,,,,,,,,,,,,,,,,,,,,,,,,,,,,,,,,,,,,,,,,,,,,,,,,,,,,,,,,,,,,,,,,,,
DP5_3,RGMII0TXD0,I/O,,SPI9PICO,I/O,,MCPWM2B,I/O,,MSC0CS3,I/O,,EPWM9A,O,,PSI5_1_RX,I/O,,SPI4CS2,I/O,,,,,,,,,,,,,,,,,,,,,,,,,,,,,,,,,,,,,,,,,,,,,,,,,,,,,,,,,,,,,,,,,,,,,,,,,,
DP5_4,RGMII0TXD1,I/O,,SPI9POCI,I/O,,MCPWM2C,I/O,,LIN7TX,I/O,,EPWM8B,O,,SENT3TXRX,I/O,,SPI4CS3,I/O,,,,,,,,,,,,,,,,,,,,,,,,,,,,,,,,,,,,,,,,,,,,,,,,,,,,,,,,,,,,,,,,,,,,,,,,,,
DP5_5,RGMII0TXD2,I/O,,SPI9CS0,I/O,,MCPWM2D,I/O,,LIN7RX,I/O,,EPWM8A,O,,SENT4TXRX,I/O,,,,,,,,,,,,,,,,,,,,,,,,,,,,,,,,,,,,,,,,,,,,,,,,,,,,,,,,,,,,,,,,,,,,,,,,,,,,,
DP5_6,RGMII0TXD3,I/O,,SPI9CS1,I/O,,MCPWM2E,I/O,,MIBSPI1CS3,I/O,,EPWM7B,O,,SENT5TXRX,I/O,,,,,,,,,,,,,,,,,,,,,,,,,,,,,,,,,,,,,,,,,,,,,,,,,,,,,,,,,,,,,,,,,,,,,,,,,,,,,
DP5_7,RGMII0TXCTL,I/O,,SPI9CS2,I/O,,MCPWM2F,I/O,,SPI2CLK,I/O,,EPWM7A,O,,SPI6CLK,I/O,,,,,,,,,,,,,,,,,,,,,,,,,,,,,,,,,,,,,,,,,,,,,,,,,,,,,,,,,,,,,,,,,,,,,,,,,,,,,
DP5_8,RGMII0RXCLK,I/O,,SPI9CS3,I/O,,MCPWM3A,I/O,,SPI2PICO,I/O,,EPWM6B,O,,SPI6PICO,I/O,,,,,,,,,,,,,,,,,,,,,,,,,,,,,,,,,,,,,,,,,,,,,,,,,,,,,,,,,,,,,,,,,,,,,,,,,,,,,
DP5_9,RGMII0RXD0,I/O,,MIBSPI0CLK,I/O,,MCPWM3B,I/O,,SPI2POCI,I/O,,EPWM6A,O,,SPI6POCI,I/O,,,,,,,,,,,,,,,,,,,,,,,,,,,,,,,,,,,,,,,,,,,,,,,,,,,,,,,,,,,,,,,,,,,,,,,,,,,,,
DP5_10,RGMII0RXD1,I/O,,MIBSPI0PICO,I/O,,MCPWM3C,I/O,,SPI2CS0,I/O,,EPWM5B,O,,SPI6CS0,I/O,,,,,,,,,,,,,,,,,,,,,,,,,,,,,,,,,,,,,,,,,,,,,,,,,,,,,,,,,,,,,,,,,,,,,,,,,,,,,
DP5_11,RGMII0RXD2,I/O,,MIBSPI0POCI,I/O,,MCPWM3D,I/O,,SPI2CS1,I/O,,EPWM5A,O,,SPI6CS1,I/O,,,,,,,,,,,,,,,,,,,,,,,,,,,,,,,,,,,,,,,,,,,,,,,,,,,,,,,,,,,,,,,,,,,,,,,,,,,,,
DP5_12,RGMII0RXD3,I/O,,MIBSPI0CS0,I/O,,MCPWM3E,I/O,,SPI2CS2,I/O,,EPWM4B,O,,SPI6CS2,I/O,,,,,,,,,,,,,,,,,,,,,,,,,,,,,,,,,,,,,,,,,,,,,,,,,,,,,,,,,,,,,,,,,,,,,,,,,,,,,
DP5_13,RGMII0RXCTL,I/O,,MIBSPI0CS1,I/O,,MCPWM3F,I/O,,SPI2CS3,I/O,,EPWM4A,O,,SPI6CS3,I/O,,,,,,,,,,,,,,,,,,,,,,,,,,,,,,,,,,,,,,,,,,,,,,,,,,,,,,,,,,,,,,,,,,,,,,,,,,,,,
DP5_14,TPIUCLK,O,,CAN0TX,I/O,,RDC0PWM_N,I/O,,MCPWM0A,I/O,,EPWM3B,O,,SPI7CLK,I/O,,,,,,,,,,,,,,,,,,,,,,,,,,,,,,,,,,,,,,,,,,,,,,,,,,,,,,,,,,,,,,,,,,,,,,,,,,,,,
DP5_15,TPIUCTL,O,,CAN0RX,I/O,,RDC0PWM_P,I/O,,MCPWM0B,I/O,,EPWM3A,O,,SPI7PICO,I/O,,,,,,,,,,,,,,,,,,,,,,,,,,,,,,,,,,,,,,,,,,,,,,,,,,,,,,,,,,,,,,,,,,,,,,,,,,,,,
DP5_16,TPIUDATA0,O,,CAN1TX,I/O,,RDC1PWM_N,I/O,,MCPWM0C,I/O,,EPWM2B,O,,SPI7POCI,I/O,,,,,,,,,,,,,,,,,,,,,,,,,,,,,,,,,,,,,,,,,,,,,,,,,,,,,,,,,,,,,,,,,,,,,,,,,,,,,
DP5_17,TPIUDATA1,O,,CAN1RX,I/O,,RDC1PWM_P,I/O,,MCPWM0D,I/O,,EPWM2A,O,,SPI7CS0,I/O,,,,,,,,,,,,,,,,,,,,,,,,,,,,,,,,,,,,,,,,,,,,,,,,,,,,,,,,,,,,,,,,,,,,,,,,,,,,,
DP5_18,TPIUDATA2,O,,CAN2TX,I/O,,,,,MCPWM0E,I/O,,EPWM1B,O,,SPI7CS1,I/O,,,,,,,,,,,,,,,,,,,,,,,,,,,,,,,,,,,,,,,,,,,,,,,,,,,,,,,,,,,,,,,,,,,,,,,,,,,,,
DP5_19,TPIUDATA3,O,,CAN2RX,I/O,,,,,MCPWM0F,I/O,,EPWM1A,O,,SPI7CS2,I/O,,,,,,,,,,,,,,,,,,,,,,,,,,,,,,,,,,,,,,,,,,,,,,,,,,,,,,,,,,,,,,,,,,,,,,,,,,,,,
DP5_20,SPI2CLK,I/O,,CAN3TX,I/O,,ADC6EXTMUXSEL0,O,,MCPWM1A,I/O,,EPWM0B,O,,SPI7CS3,I/O,,,,,,,,,,,,,,,,,,,,,,,,,,,,,,,,,,,,,,,,,,,,,,,,,,,,,,,,,,,,,,,,,,,,,,,,,,,,,
DP5_21,SPI2PICO,I/O,,CAN3RX,I/O,,ADC6EXTMUXSEL1,O,,MCPWM1B,I/O,,EPWM0A,O,,PSI5_3_TX,I/O,,,,,,,,,,,,,,,,,,,,,,,,,,,,,,,,,,,,,,,,,,,,,,,,,,,,,,,,,,,,,,,,,,,,,,,,,,,,,
DP5_22,SPI2POCI,I/O,,CAN4TX,I/O,,ADC7EXTMUXSEL0,O,,MCPWM1C,I/O,,EPWM0A,O,,PSI5_3_RX,I/O,,,,,,,,,,,,,,,,,,,,,,,,,,,,,,,,,,,,,,,,,,,,,,,,,,,,,,,,,,,,,,,,,,,,,,,,,,,,,
DP5_23,SPI2CS0,I/O,,CAN4RX,I/O,,ADC7EXTMUXSEL1,O,,MCPWM1D,I/O,,PSI5_2_TX,I/O,,SPI5CS1,I/O,,,,,,,,,,,,,,,,,,,,,,,,,,,,,,,,,,,,,,,,,,,,,,,,,,,,,,,,,,,,,,,,,,,,,,,,,,,,,
DP5_24,CAN5TX,I/O,,SPI2CS1,I/O,,ADC7EXTMUXSEL2,O,,MCPWM1E,I/O,,PSI5_2_RX,I/O,,SPI5CS2,I/O,,,,,,,,,,,,,,,,,,,,,,,,,,,,,,,,,,,,,,,,,,,,,,,,,,,,,,,,,,,,,,,,,,,,,,,,,,,,,
DP5_25,CAN5RX,I/O,,SPI2CS2,I/O,,ADC7EXTMUXSEL3,O,,MCPWM1F,I/O,,,,,SPI5CS3,I/O,,,,,,,,,,,,,,,,,,,,,,,,,,,,,,,,,,,,,,,,,,,,,,,,,,,,,,,,,,,,,,,,,,,,,,,,,,,,,
DP5_26,RGMII2TXCLK,I/O,,SPI2CS3,I/O,,MCPWM4A,I/O,,MCPWM2A,I/O,,MIBSPI1CLK,I/O,,EPWM24A,O,,,,,,,,,,,,,,,,,,,,,,,,,,,,,,,,,,,,,,,,,,,,,,,,,,,,,,,,,,,,,,,,,,,,,,,,,,,,,
DP5_27,RGMII2TXD0,I/O,,FSI1TXCLK,I/O,,MCPWM4B,I/O,,MCPWM2B,I/O,,MIBSPI1PICO,I/O,,EPWM24B,O,,PSI5_3_TX,I/O,,,,,,,,,,,,,,,,,,,,,,,,,,,,,,,,,,,,,,,,,,,,,,,,,,,,,,,,,,,,,,,,,,,,,,,,,,
DP5_28,RGMII2TXD1,I/O,,FSI1TXD0,I/O,,MCPWM4C,I/O,,MCPWM2C,I/O,,MIBSPI1POCI,I/O,,EPWM25A,O,,PSI5_3_RX,I/O,,,,,,,,,,,,,,,,,,,,,,,,,,,,,,,,,,,,,,,,,,,,,,,,,,,,,,,,,,,,,,,,,,,,,,,,,,
DP5_29,RGMII2TXD2,I/O,,FSI1TXD1,I/O,,MCPWM4D,I/O,,MCPWM2D,I/O,,MIBSPI1CS0,I/O,,EPWM25B,O,,PSI5_2_TX,I/O,,,,,,,,,,,,,,,,,,,,,,,,,,,,,,,,,,,,,,,,,,,,,,,,,,,,,,,,,,,,,,,,,,,,,,,,,,
DP5_30,RGMII2TXD3,I/O,,FSI1RXCLK,I/O,,MCPWM4E,I/O,,MCPWM2E,I/O,,MIBSPI1CS1,I/O,,EPWM26A,O,,PSI5_2_RX,I/O,,,,,,,,,,,,,,,,,,,,,,,,,,,,,,,,,,,,,,,,,,,,,,,,,,,,,,,,,,,,,,,,,,,,,,,,,,
DP5_31,RGMII2TXCTL,I/O,,FSI1RXD0,I/O,,MCPWM4F,I/O,,MCPWM2F,I/O,,MIBSPI1CS2,I/O,,EPWM26B,O,,SPI9CLK,I/O,,PSI5_2_TX,I/O,,,,,,,,,,,,,,,,,,,,,,,,,,,,,,,,,,,,,,,,,,,,,,,,,,,,,,,,,,,,,,,,,,,,,,,
DP6_0,RGMII2RXCLK,I/O,,FSI1RXD1,I/O,,MCPWM5A,I/O,,MCPWM3A,I/O,,MIBSPI1CS3,I/O,,SPI5CLK,I/O,,SPI9PICO,I/O,,PSI5_2_RX,I/O,,,,,,,,,,,,,,,,,,,,,,,,,,,,,,,,,,,,,,,,,,,,,,,,,,,,,,,,,,,,,,,,,,,,,,,
DP6_1,RGMII2RXD0,I/O,,FSI2TXCLK,I/O,,MCPWM5B,I/O,,MCPWM3B,I/O,,,,,SPI5PICO,I/O,,SPI9POCI,I/O,,PSI5_3_TX,I/O,,,,,,,,,,,,,,,,,,,,,,,,,,,,,,,,,,,,,,,,,,,,,,,,,,,,,,,,,,,,,,,,,,,,,,,
DP6_2,RGMII2RXD1,I/O,,FSI2TXD0,I/O,,MCPWM5C,I/O,,MCPWM3C,I/O,,ADC5EXTMUXSEL0,O,,SPI5POCI,I/O,,SPI9CS0,I/O,,PSI5_3_RX,I/O,,,,,,,,,,,,,,,,,,,,,,,,,,,,,,,,,,,,,,,,,,,,,,,,,,,,,,,,,,,,,,,,,,,,,,,
DP6_3,RGMII2RXD2,I/O,,FSI2TXD1,I/O,,MCPWM5D,I/O,,MCPWM3D,I/O,,ADC5EXTMUXSEL1,O,,SPI5CS0,I/O,,SPI9CS1,I/O,,,,,,,,,,,,,,,,,,,,,,,,,,,,,,,,,,,,,,,,,,,,,,,,,,,,,,,,,,,,,,,,,,,,,,,,,,
DP6_4,RGMII2RXD3,I/O,,ADCSOC0,I/O,,MCPWM5E,I/O,,MCPWM3E,I/O,,ADC5EXTMUXSEL2,O,,,,,SPI9CS2,I/O,,,,,,,,,,,,,,,,,,,,,,,,,,,,,,,,,,,,,,,,,,,,,,,,,,,,,,,,,,,,,,,,,,,,,,,,,,
DP6_5,RGMII2RXCTL,I/O,,ADCSOC1,I/O,,MCPWM5F,I/O,,MCPWM3F,I/O,,ADC5EXTMUXSEL3,O,,,,,SPI9CS3,I/O,,,,,,,,,,,,,,,,,,,,,,,,,,,,,,,,,,,,,,,,,,,,,,,,,,,,,,,,,,,,,,,,,,,,,,,,,,
DP6_6,MMC0CLK,I/O,,FSI2RXCLK,I/O,,MCPWM8A,I/O,,MCPWM4A,I/O,,MSC1CLK,I/O,,EPWM1A,O,,OUTPUTXBAR2,O,,SPI9CS4,I/O,,,,,,,,,,,,,,,,,,,,,,,,,,,,,,,,,,,,,,,,,,,,,,,,,,,,,,,,,,,,,,,,,,,,,,,
DP6_7,MMC0CMD,I/O,,FSI2RXD0,I/O,,MCPWM8B,I/O,,MCPWM4B,I/O,,MSC1SI,I/O,,EPWM1B,O,,OUTPUTXBAR3,O,,SPI9CS5,I/O,,,,,,,,,,,,,,,,,,,,,,,,,,,,,,,,,,,,,,,,,,,,,,,,,,,,,,,,,,,,,,,,,,,,,,,
DP6_8,MMC0DATA0,I/O,,FSI2RXD1,I/O,,MCPWM8C,I/O,,MCPWM4C,I/O,,MSC1SO,I/O,,EPWM2A,O,,OUTPUTXBAR4,O,,,,,,,,,,,,,,,,,,,,,,,,,,,,,,,,,,,,,,,,,,,,,,,,,,,,,,,,,,,,,,,,,,,,,,,,,,
DP6_9,MMC0DATA1,I/O,,FSI3TXCLK,I/O,,MCPWM8D,I/O,,MCPWM4D,I/O,,MSC1CS0,I/O,,EPWM2B,O,,OUTPUTXBAR5,O,,,,,,,,,,,,,,,,,,,,,,,,,,,,,,,,,,,,,,,,,,,,,,,,,,,,,,,,,,,,,,,,,,,,,,,,,,
DP6_10,MMC0DATA2,I/O,,FSI3TXD0,I/O,,MCPWM8E,I/O,,MCPWM4E,I/O,,MSC1CS1,I/O,,EPWM3A,O,,OUTPUTXBAR6,O,,,,,,,,,,,,,,,,,,,,,,,,,,,,,,,,,,,,,,,,,,,,,,,,,,,,,,,,,,,,,,,,,,,,,,,,,,
DP6_11,MMC0DATA3,I/O,,FSI3TXD1,I/O,,MCPWM8F,I/O,,MCPWM4F,I/O,,MSC1CS2,I/O,,EPWM3B,O,,OUTPUTXBAR7,O,,,,,,,,,,,,,,,,,,,,,,,,,,,,,,,,,,,,,,,,,,,,,,,,,,,,,,,,,,,,,,,,,,,,,,,,,,
DP6_12,MMC0CD,I/O,,CAN5TX,I/O,,MSC1CLK,I/O,,MCPWM5A,I/O,,MSC1CS3,I/O,,EPWM24A,O,,OUTPUTXBAR8,O,,,,,,,,,,,,,,,,,,,,,,,,,,,,,,,,,,,,,,,,,,,,,,,,,,,,,,,,,,,,,,,,,,,,,,,,,,
DP6_13,MMC0WP,I/O,,CAN5RX,I/O,,MSC1SI,I/O,,MCPWM5B,I/O,,CLKOUT2,O,,EPWM24B,O,,OUTPUTXBAR9,O,,,,,,,,,,,,,,,,,,,,,,,,,,,,,,,,,,,,,,,,,,,,,,,,,,,,,,,,,,,,,,,,,,,,,,,,,,
DP6_14,T1S0TX,I/O,,MSC0CLK,I/O,,MSC1SO,I/O,,MCPWM5C,I/O,,ADC4EXTMUXSEL0,O,,EPWM25A,O,,OUTPUTXBAR10,O,,,,,,,,,,,,,,,,,,,,,,,,,,,,,,,,,,,,,,,,,,,,,,,,,,,,,,,,,,,,,,,,,,,,,,,,,,
DP6_15,T1S0RX,I/O,,MSC0SI,I/O,,MSC1CS0,I/O,,MCPWM5D,I/O,,ADC4EXTMUXSEL1,O,,EPWM25B,O,,OUTPUTXBAR11,O,,,,,,,,,,,,,,,,,,,,,,,,,,,,,,,,,,,,,,,,,,,,,,,,,,,,,,,,,,,,,,,,,,,,,,,,,,
DP6_16,T1S0ED,I/O,,MSC0SO,I/O,,MSC1CS1,I/O,,MCPWM5E,I/O,,ADC4EXTMUXSEL2,O,,EPWM26A,O,,OUTPUTXBAR12,O,,,,,,,,,,,,,,,,,,,,,,,,,,,,,,,,,,,,,,,,,,,,,,,,,,,,,,,,,,,,,,,,,,,,,,,,,,
DP6_17,T1S1TX,I/O,,MSC0CS0,I/O,,MSC1CS2,I/O,,MCPWM5F,I/O,,ADC4EXTMUXSEL3,O,,EPWM26B,O,,OUTPUTXBAR13,O,,,,,,,,,,,,,,,,,,,,,,,,,,,,,,,,,,,,,,,,,,,,,,,,,,,,,,,,,,,,,,,,,,,,,,,,,,
DP6_18,T1S1RX,I/O,,MSC0CS1,I/O,,MSC1CS3,I/O,,MCPWM6A,I/O,,CLKOUT2,O,,CAN2TX,I/O,,MIBSPI0CS4,I/O,,,,,,,,,,,,,,,,,,,,,,,,,,,,,,,,,,,,,,,,,,,,,,,,,,,,,,,,,,,,,,,,,,,,,,,,,,
DP6_19,T1S1ED,I/O,,MSC0CS2,I/O,,CLKOUT1,O,,MCPWM6B,I/O,,SPI3CLK,I/O,,CAN2RX,I/O,,MIBSPI0CS5,I/O,,,,,,,,,,,,,,,,,,,,,,,,,,,,,,,,,,,,,,,,,,,,,,,,,,,,,,,,,,,,,,,,,,,,,,,,,,
DP6_20,T1S2TX,I/O,,MSC1CLK,I/O,,MCPWM9A,I/O,,MCPWM6C,I/O,,SPI3PICO,I/O,,CAN3TX,I/O,,MIBSPI0CS6,I/O,,,,,,,,,,,,,,,,,,,,,,,,,,,,,,,,,,,,,,,,,,,,,,,,,,,,,,,,,,,,,,,,,,,,,,,,,,
DP6_21,T1S2RX,I/O,,MSC1SI,I/O,,MCPWM9B,I/O,,MCPWM6D,I/O,,SPI3POCI,I/O,,CAN3RX,I/O,,MIBSPI0CS7,I/O,,,,,,,,,,,,,,,,,,,,,,,,,,,,,,,,,,,,,,,,,,,,,,,,,,,,,,,,,,,,,,,,,,,,,,,,,,
DP6_22,T1S2ED,I/O,,MSC1SO,I/O,,MCPWM9C,I/O,,MCPWM6E,I/O,,SPI3CS0,I/O,,CAN4TX,I/O,,MIBSPI0CS8,I/O,,,,,,,,,,,,,,,,,,,,,,,,,,,,,,,,,,,,,,,,,,,,,,,,,,,,,,,,,,,,,,,,,,,,,,,,,,
DP6_23,T1S3TX,I/O,,MSC1CS0,I/O,,MCPWM9D,I/O,,MCPWM6F,I/O,,SPI3CS1,I/O,,CAN4RX,I/O,,MIBSPI0CS9,I/O,,,,,,,,,,,,,,,,,,,,,,,,,,,,,,,,,,,,,,,,,,,,,,,,,,,,,,,,,,,,,,,,,,,,,,,,,,
DP6_24,T1S3RX,I/O,,MSC1CS1,I/O,,MCPWM9E,I/O,,MCPWM7A,I/O,,SPI3CS2,I/O,,CAN5TX,I/O,,MIBSPI0CS10,I/O,,,,,,,,,,,,,,,,,,,,,,,,,,,,,,,,,,,,,,,,,,,,,,,,,,,,,,,,,,,,,,,,,,,,,,,,,,
DP6_25,T1S3ED,I/O,,MSC0CS3,I/O,,MCPWM9F,I/O,,MCPWM7B,I/O,,SPI3CS3,I/O,,CAN5RX,I/O,,MIBSPI0CS11,I/O,,,,,,,,,,,,,,,,,,,,,,,,,,,,,,,,,,,,,,,,,,,,,,,,,,,,,,,,,,,,,,,,,,,,,,,,,,
DP6_26,T1SMDC,I/O,,MSC1CS2,I/O,,ADC6EXTMUXSEL2,O,,MCPWM7C,I/O,,,,,,,,,,,,,,,,,,,,,,,,,,,,,,,,,,,,,,,,,,,,,,,,,,,,,,,,,,,,,,,,,,,,,,,,,,,,,,,,,,,
DP6_27,T1SMDIO,I/O,,MSC1CS3,I/O,,ADC6EXTMUXSEL3,O,,MCPWM7D,I/O,,,,,,,,,,,,,,,,,,,,,,,,,,,,,,,,,,,,,,,,,,,,,,,,,,,,,,,,,,,,,,,,,,,,,,,,,,,,,,,,,,,
DP7_0,LPD_A_PWM1A,O,,LPD_CAN0TX,O,,MSC0CLK,I/O,,MCPWM7E,I/O,,SPI2CS4,I/O,,SPI6CS4,I/O,,,,,,,,,,,,,,,,,,,,,,,,,,,,,,,,,,,,,,,,,,,,,,,,,,,,,,,,,,,,,,,,,,,,,,,,,,,,,
DP7_1,LPD_A_PWM1B,O,,LPD_CAN0RX,O,,MSC0SI,I/O,,MCPWM7F,I/O,,SPI2CS5,I/O,,SPI6CS5,I/O,,,,,,,,,,,,,,,,,,,,,,,,,,,,,,,,,,,,,,,,,,,,,,,,,,,,,,,,,,,,,,,,,,,,,,,,,,,,,
DP7_2,LPD_A_PWM2A,O,,LPD_B_PWM4A,O,,MSC0SO,I/O,,MCPWM8A,I/O,,EPWM21A,O,,SPI5CS4,I/O,,,,,,,,,,,,,,,,,,,,,,,,,,,,,,,,,,,,,,,,,,,,,,,,,,,,,,,,,,,,,,,,,,,,,,,,,,,,,
DP7_3,LPD_A_PWM2B,O,,LPD_B_PWM4B,O,,MSC0CS0,I/O,,MCPWM8B,I/O,,EPWM21B,O,,SPI5CS5,I/O,,,,,,,,,,,,,,,,,,,,,,,,,,,,,,,,,,,,,,,,,,,,,,,,,,,,,,,,,,,,,,,,,,,,,,,,,,,,,
DP7_4,LPD_B_PWM3A,O,,LPD_A_PWM1A,O,,MSC0CS1,I/O,,MCPWM8C,I/O,,EPWM22A,O,,SPI4CS4,I/O,,,,,,,,,,,,,,,,,,,,,,,,,,,,,,,,,,,,,,,,,,,,,,,,,,,,,,,,,,,,,,,,,,,,,,,,,,,,,
DP7_5,LPD_B_PWM3B,O,,LPD_A_PWM1B,O,,MSC0CS2,I/O,,MCPWM8D,I/O,,EPWM22B,O,,SPI4CS5,I/O,,,,,,,,,,,,,,,,,,,,,,,,,,,,,,,,,,,,,,,,,,,,,,,,,,,,,,,,,,,,,,,,,,,,,,,,,,,,,
DP7_6,LPD_B_PWM4A,O,,LPD_A_PWM2A,O,,MSC0CS3,I/O,,MCPWM8E,I/O,,EPWM23A,O,,SPI5CS4,I/O,,,,,,,,,,,,,,,,,,,,,,,,,,,,,,,,,,,,,,,,,,,,,,,,,,,,,,,,,,,,,,,,,,,,,,,,,,,,,
DP7_7,LPD_B_PWM4B,O,,LPD_A_PWM2B,O,,PSI5_0_TX,I/O,,MCPWM8F,I/O,,EPWM23B,O,,SPI5CS5,I/O,,,,,,,,,,,,,,,,,,,,,,,,,,,,,,,,,,,,,,,,,,,,,,,,,,,,,,,,,,,,,,,,,,,,,,,,,,,,,
DP7_8,LPD_CAN0TX,O,,LPD_B_PWM3A,O,,PSI5_0_RX,I/O,,MCPWM9A,I/O,,EPWM24A,O,,,,,,,,,,,,,,,,,,,,,,,,,,,,,,,,,,,,,,,,,,,,,,,,,,,,,,,,,,,,,,,,,,,,,,,,,,,,,,,,
DP7_9,LPD_CAN0RX,O,,LPD_B_PWM3B,O,,PSI5_1_TX,I/O,,MCPWM9B,I/O,,EPWM24B,O,,,,,,,,,,,,,,,,,,,,,,,,,,,,,,,,,,,,,,,,,,,,,,,,,,,,,,,,,,,,,,,,,,,,,,,,,,,,,,,,
DP7_10,SDFM8CLK,I,,,,,PSI5_1_RX,I/O,,MCPWM9C,I/O,,,,,,,,,,,,,,,,,,,,,,,,,,,,,,,,,,,,,,,,,,,,,,,,,,,,,,,,,,,,,,,,,,,,,,,,,,,,,,,,,,,
DP7_11,SDFM8DATA,I,,SPI8CS4,I/O,,,,,MCPWM9D,I/O,,CAN9TX,I/O,,,,,,,,,,,,,,,,,,,,,,,,,,,,,,,,,,,,,,,,,,,,,,,,,,,,,,,,,,,,,,,,,,,,,,,,,,,,,,,,
DP7_12,SDFM9CLK,I,,SPI8CS5,I/O,,,,,MCPWM9E,I/O,,CAN9RX,I/O,,,,,,,,,,,,,,,,,,,,,,,,,,,,,,,,,,,,,,,,,,,,,,,,,,,,,,,,,,,,,,,,,,,,,,,,,,,,,,,,
DP7_13,SDFM9DATA,I,,FSI3RXCLK,I/O,,,,,MCPWM9F,I/O,,CAN10TX,I/O,,,,,,,,,,,,,,,,,,,,,,,,,,,,,,,,,,,,,,,,,,,,,,,,,,,,,,,,,,,,,,,,,,,,,,,,,,,,,,,,
DP7_14,SDFM10CLK,I,,FSI3RXD0,I/O,,,,,MCPWM10A,I/O,,CAN10RX,I/O,,,,,,,,,,,,,,,,,,,,,,,,,,,,,,,,,,,,,,,,,,,,,,,,,,,,,,,,,,,,,,,,,,,,,,,,,,,,,,,,
DP7_15,SDFM10DATA,I,,FSI3RXD1,I/O,,,,,MCPWM10B,I/O,,,,,,,,,,,,,,,,,,,,,,,,,,,,,,,,,,,,,,,,,,,,,,,,,,,,,,,,,,,,,,,,,,,,,,,,,,,,,,,,,,,
MP2_0,SDFM4CLK,I,,CAN0TX,I/O,,I2C0SDA,I/O,,MCPWM10C,I/O,,CAN11TX,I/O,,,,,,,,,,,,,,,,,,,,,,,,,,,,,,,,,,,,,,,,,,,,,,,,,,,,,,,,,,,,,,,,,,,,,,,,,,,,,,,,
MP2_1,SDFM4DATA,I,,CAN0RX,I/O,,I2C0SCL,I/O,,MCPWM10D,I/O,,CAN11RX,I/O,,,,,,,,,,,,,,,,,,,,,,,,,,,,,,,,,,,,,,,,,,,,,,,,,,,,,,,,,,,,,,,,,,,,,,,,,,,,,,,,
MP2_2,SDFM5CLK,I,,CAN1TX,I/O,,I2C1SDA,I/O,,MCPWM10E,I/O,,SPI7CS4,I/O,,,,,,,,,,,,,,,,,,,,,,,,,,,,,,,,,,,,,,,,,,,,,,,,,,,,,,,,,,,,,,,,,,,,,,,,,,,,,,,,
MP2_3,SDFM5DATA,I,,CAN1RX,I/O,,I2C1SCL,I/O,,MCPWM10F,I/O,,SPI7CS5,I/O,,,,,,,,,,,,,,,,,,,,,,,,,,,,,,,,,,,,,,,,,,,,,,,,,,,,,,,,,,,,,,,,,,,,,,,,,,,,,,,,
MP2_4,SDFM6CLK,I,,CAN2TX,I/O,,I2C2SDA,I/O,,SPI3CS4,I/O,,RDC0PWM_N,I/O,,,,,,,,,,,,,,,,,,,,,,,,,,,,,,,,,,,,,,,,,,,,,,,,,,,,,,,,,,,,,,,,,,,,,,,,,,,,,,,,
MP2_5,SDFM6DATA,I,,CAN2RX,I/O,,I2C2SCL,I/O,,SPI3CS5,I/O,,RDC0PWM_P,I/O,,,,,,,,,,,,,,,,,,,,,,,,,,,,,,,,,,,,,,,,,,,,,,,,,,,,,,,,,,,,,,,,,,,,,,,,,,,,,,,,
MP2_6,SDFM7CLK,I,,CAN3TX,I/O,,I2C3SDA,I/O,,SPI8CS4,I/O,,RDC1PWM_N,I/O,,,,,,,,,,,,,,,,,,,,,,,,,,,,,,,,,,,,,,,,,,,,,,,,,,,,,,,,,,,,,,,,,,,,,,,,,,,,,,,,
MP2_7,SDFM7DATA,I,,CAN3RX,I/O,,I2C3SCL,I/O,,SPI8CS5,I/O,,RDC1PWM_P,I/O,,,,,,,,,,,,,,,,,,,,,,,,,,,,,,,,,,,,,,,,,,,,,,,,,,,,,,,,,,,,,,,,,,,,,,,,,,,,,,,,
MP2_8,LPD_LIN0TX,O,,CAN4TX,I/O,,SDFM1CLK,I,,,,,,,,,,,,,,,,,,,,,,,,,,,,,,,,,,,,,,,,,,,,,,,,,,,,,,,,,,,,,,,,,,,,,,,,,,,,,,,,,,,,,,
MP2_9,LPD_LIN0RX,O,,CAN4RX,I/O,,SDFM1DATA,I,,MIBSPI1CS0,I/O,,,,,,,,,,,,,,,,,,,,,,,,,,,,,,,,,,,,,,,,,,,,,,,,,,,,,,,,,,,,,,,,,,,,,,,,,,,,,,,,,,,
MP2_10,SPI6CS4,I/O,,CAN5TX,I/O,,SDFM2CLK,I,,MIBSPI1CS1,I/O,,,,,,,,,,,,,,,,,,,,,,,,,,,,,,,,,,,,,,,,,,,,,,,,,,,,,,,,,,,,,,,,,,,,,,,,,,,,,,,,,,,
MP2_11,SPI6CS5,I/O,,CAN5RX,I/O,,SDFM2DATA,I,,MIBSPI1CS2,I/O,,,,,,,,,,,,,,,,,,,,,,,,,,,,,,,,,,,,,,,,,,,,,,,,,,,,,,,,,,,,,,,,,,,,,,,,,,,,,,,,,,,
MP2_12,SENT4TXRX,I/O,,CAN6TX,I/O,,SDFM3CLK,I,,MIBSPI1CS3,I/O,,,,,,,,,,,,,,,,,,,,,,,,,,,,,,,,,,,,,,,,,,,,,,,,,,,,,,,,,,,,,,,,,,,,,,,,,,,,,,,,,,,
MP2_13,SENT5TXRX,I/O,,CAN6RX,I/O,,SDFM3DATA,I,,MIBSPI1CS4,I/O,,,,,,,,,,,,,,,,,,,,,,,,,,,,,,,,,,,,,,,,,,,,,,,,,,,,,,,,,,,,,,,,,,,,,,,,,,,,,,,,,,,
MP2_14,LPD_LIN0TX,O,,CAN7TX,I/O,,SDFM4CLK,I,,MIBSPI1CS5,I/O,,,,,,,,,,,,,,,,,,,,,,,,,,,,,,,,,,,,,,,,,,,,,,,,,,,,,,,,,,,,,,,,,,,,,,,,,,,,,,,,,,,
MP2_15,LPD_LIN0RX,O,,CAN7RX,I/O,,SDFM4DATA,I,,MIBSPI1CS6,I/O,,,,,,,,,,,,,,,,,,,,,,,,,,,,,,,,,,,,,,,,,,,,,,,,,,,,,,,,,,,,,,,,,,,,,,,,,,,,,,,,,,,
MP0_0,SDFM0CLK,I,,CAN8TX,I/O,,MIBSPI1CS4,I/O,,MIBSPI1CS7,I/O,,,,,,,,,,,,,,,,,,,,,,,,,,,,,,,,,,,,,,,,,,,,,,,,,,,,,,,,,,,,,,,,,,,,,,,,,,,,,,,,,,,
MP0_1,SDFM0DATA,I,,CAN8RX,I/O,,MIBSPI1CS5,I/O,,MIBSPI1CS8,I/O,,,,,,,,,,,,,,,,,,,,,,,,,,,,,,,,,,,,,,,,,,,,,,,,,,,,,,,,,,,,,,,,,,,,,,,,,,,,,,,,,,,
MP0_2,SDFM1CLK,I,,CAN9TX,I/O,,MIBSPI1CS6,I/O,,MIBSPI1CS9,I/O,,,,,,,,,,,,,,,,,,,,,,,,,,,,,,,,,,,,,,,,,,,,,,,,,,,,,,,,,,,,,,,,,,,,,,,,,,,,,,,,,,,
MP0_3,SDFM1DATA,I,,CAN9RX,I/O,,MIBSPI1CS7,I/O,,MIBSPI1CS10,I/O,,,,,,,,,,,,,,,,,,,,,,,,,,,,,,,,,,,,,,,,,,,,,,,,,,,,,,,,,,,,,,,,,,,,,,,,,,,,,,,,,,,
MP0_4,SDFM2CLK,I,,CAN10TX,I/O,,MIBSPI1CS8,I/O,,MIBSPI1CS11,I/O,,,,,,,,,,,,,,,,,,,,,,,,,,,,,,,,,,,,,,,,,,,,,,,,,,,,,,,,,,,,,,,,,,,,,,,,,,,,,,,,,,,
MP0_5,SDFM2DATA,I,,CAN10RX,I/O,,,,,,,,,,,,,,,,,,,,,,,,,,,,,,,,,,,,,,,,,,,,,,,,,,,,,,,,,,,,,,,,,,,,,,,,,,,,,,,,,,,,,,,,,
MP0_6,SDFM3CLK,I,,CAN11TX,I/O,,MIBSPI1CS9,I/O,,SPI8CS4,I/O,,,,,,,,,,,,,,,,,,,,,,,,,,,,,,,,,,,,,,,,,,,,,,,,,,,,,,,,,,,,,,,,,,,,,,,,,,,,,,,,,,,
MP0_7,SDFM3DATA,I,,CAN11RX,I/O,,MIBSPI1CS10,I/O,,SPI8CS5,I/O,,,,,,,,,,,,,,,,,,,,,,,,,,,,,,,,,,,,,,,,,,,,,,,,,,,,,,,,,,,,,,,,,,,,,,,,,,,,,,,,,,,
MP0_8,CAN6TX,I/O,,LIN0TX,I/O,,SDFM5CLK,I,,MIBSPI1CS11,I/O,,SPI9CS4,I/O,,,,,,,,,,,,,,,,,,,,,,,,,,,,,,,,,,,,,,,,,,,,,,,,,,,,,,,,,,,,,,,,,,,,,,,,,,,,,,,,
MP0_9,CAN6RX,I/O,,LIN0RX,I/O,,SDFM5DATA,I,,SPI7CS4,I/O,,,,,,,,,,,,,,,,,,,,,,,,,,,,,,,,,,,,,,,,,,,,,,,,,,,,,,,,,,,,,,,,,,,,,,,,,,,,,,,,,,,
MP0_10,CAN7TX,I/O,,LIN1TX,I/O,,SDFM6CLK,I,,SPI7CS5,I/O,,,,,,,,,,,,,,,,,,,,,,,,,,,,,,,,,,,,,,,,,,,,,,,,,,,,,,,,,,,,,,,,,,,,,,,,,,,,,,,,,,,
MP0_11,CAN7RX,I/O,,LIN1RX,I/O,,SDFM6DATA,I,,,,,,,,,,,,,,,,,,,,,,,,,,,,,,,,,,,,,,,,,,,,,,,,,,,,,,,,,,,,,,,,,,,,,,,,,,,,,,,,,,,,,,
MP0_12,CAN8TX,I/O,,LIN2TX,I/O,,SDFM8CLK,I,,SPI4CS4,I/O,,,,,,,,,,,,,,,,,,,,,,,,,,,,,,,,,,,,,,,,,,,,,,,,,,,,,,,,,,,,,,,,,,,,,,,,,,,,,,,,,,,
MP0_13,CAN8RX,I/O,,LIN2RX,I/O,,SDFM8DATA,I,,SPI4CS5,I/O,,,,,,,,,,,,,,,,,,,,,,,,,,,,,,,,,,,,,,,,,,,,,,,,,,,,,,,,,,,,,,,,,,,,,,,,,,,,,,,,,,,
MP0_14,CAN9TX,I/O,,SPI3CS4,I/O,,SPI4CS4,I/O,,LIN1TX,I/O,,,,,,,,,,,,,,,,,,,,,,,,,,,,,,,,,,,,,,,,,,,,,,,,,,,,,,,,,,,,,,,,,,,,,,,,,,,,,,,,,,,
MP0_15,CAN9RX,I/O,,SPI3CS5,I/O,,SPI4CS5,I/O,,LIN1RX,I/O,,,,,,,,,,,,,,,,,,,,,,,,,,,,,,,,,,,,,,,,,,,,,,,,,,,,,,,,,,,,,,,,,,,,,,,,,,,,,,,,,,,
MP0_16,CAN10TX,I/O,,LIN4TX,I/O,,MIBSPI0CS10,I/O,,,,,SPI9CS5,I/O,,,,,,,,,,,,,,,,,,,,,,,,,,,,,,,,,,,,,,,,,,,,,,,,,,,,,,,,,,,,,,,,,,,,,,,,,,,,,,,,
MP0_17,CAN10RX,I/O,,LIN4RX,I/O,,,,,,,,,,,,,,,,,,,,,,,,,,,,,,,,,,,,,,,,,,,,,,,,,,,,,,,,,,,,,,,,,,,,,,,,,,,,,,,,,,,,,,,,,
MP0_18,CAN11TX,I/O,,LIN5TX,I/O,,MIBSPI0CS0,I/O,,SPI7CS4,I/O,,,,,,,,,,,,,,,,,,,,,,,,,,,,,,,,,,,,,,,,,,,,,,,,,,,,,,,,,,,,,,,,,,,,,,,,,,,,,,,,,,,
MP0_19,CAN11RX,I/O,,LIN5RX,I/O,,MIBSPI0CS1,I/O,,SPI7CS5,I/O,,,,,,,,,,,,,,,,,,,,,,,,,,,,,,,,,,,,,,,,,,,,,,,,,,,,,,,,,,,,,,,,,,,,,,,,,,,,,,,,,,,
MP0_20,SPI5CS4,I/O,,LIN6TX,I/O,,MIBSPI0CS2,I/O,,LIN3TX,I/O,,,,,,,,,,,,,,,,,,,,,,,,,,,,,,,,,,,,,,,,,,,,,,,,,,,,,,,,,,,,,,,,,,,,,,,,,,,,,,,,,,,
MP0_21,SPI5CS5,I/O,,LIN6RX,I/O,,MIBSPI0CS3,I/O,,LIN3RX,I/O,,,,,,,,,,,,,,,,,,,,,,,,,,,,,,,,,,,,,,,,,,,,,,,,,,,,,,,,,,,,,,,,,,,,,,,,,,,,,,,,,,,
MP0_22,SPI6CS4,I/O,,LIN7TX,I/O,,MIBSPI0CS4,I/O,,,,,,,,,,,,,,,,,,,,,,,,,,,,,,,,,,,,,,,,,,,,,,,,,,,,,,,,,,,,,,,,,,,,,,,,,,,,,,,,,,,,,,
MP0_23,SPI6CS5,I/O,,LIN7RX,I/O,,,,,,,,,,,,,,,,,,,,,,,,,,,,,,,,,,,,,,,,,,,,,,,,,,,,,,,,,,,,,,,,,,,,,,,,,,,,,,,,,,,,,,,,,
MP0_24,SDFM11CLK,I,,UART0TX,I/O,,SDFM9CLK,I,,I2C0SDA,I/O,,,,,,,,,,,,,,,,,,,,,,,,,,,,,,,,,,,,,,,,,,,,,,,,,,,,,,,,,,,,,,,,,,,,,,,,,,,,,,,,,,,
MP0_25,SDFM11DATA,I,,UART0RX,I/O,,SDFM9DATA,I,,I2C0SCL,I/O,,,,,,,,,,,,,,,,,,,,,,,,,,,,,,,,,,,,,,,,,,,,,,,,,,,,,,,,,,,,,,,,,,,,,,,,,,,,,,,,,,,
MP0_26,LIN4TX,I/O,,UART1TX,I/O,,SDFM10CLK,I,,I2C1SDA,I/O,,,,,,,,,,,,,,,,,,,,,,,,,,,,,,,,,,,,,,,,,,,,,,,,,,,,,,,,,,,,,,,,,,,,,,,,,,,,,,,,,,,
MP0_27,LIN4RX,I/O,,UART1RX,I/O,,SDFM10DATA,I,,I2C1SCL,I/O,,,,,,,,,,,,,,,,,,,,,,,,,,,,,,,,,,,,,,,,,,,,,,,,,,,,,,,,,,,,,,,,,,,,,,,,,,,,,,,,,,,
MP0_28,LIN5TX,I/O,,LIN3TX,I/O,,MIBSPI0CS11,I/O,,,,,,,,,,,,,,,,,,,,,,,,,,,,,,,,,,,,,,,,,,,,,,,,,,,,,,,,,,,,,,,,,,,,,,,,,,,,,,,,,,,,,,
MP0_29,LIN5RX,I/O,,LIN3RX,I/O,,,,,,,,,,,,,,,,,,,,,,,,,,,,,,,,,,,,,,,,,,,,,,,,,,,,,,,,,,,,,,,,,,,,,,,,,,,,,,,,,,,,,,,,,
MP0_30,LIN6TX,I/O,,SPI6CS4,I/O,,MIBSPI0CS5,I/O,,I2C2SDA,I/O,,,,,,,,,,,,,,,,,,,,,,,,,,,,,,,,,,,,,,,,,,,,,,,,,,,,,,,,,,,,,,,,,,,,,,,,,,,,,,,,,,,
MP0_31,LIN6RX,I/O,,SPI6CS5,I/O,,MIBSPI0CS6,I/O,,I2C2SCL,I/O,,,,,,,,,,,,,,,,,,,,,,,,,,,,,,,,,,,,,,,,,,,,,,,,,,,,,,,,,,,,,,,,,,,,,,,,,,,,,,,,,,,
MP1_0,LIN7TX,I/O,,SPI7CS4,I/O,,MIBSPI0CS7,I/O,,I2C3SDA,I/O,,,,,,,,,,,,,,,,,,,,,,,,,,,,,,,,,,,,,,,,,,,,,,,,,,,,,,,,,,,,,,,,,,,,,,,,,,,,,,,,,,,
MP1_1,LIN7RX,I/O,,SPI7CS5,I/O,,MIBSPI0CS8,I/O,,I2C3SCL,I/O,,,,,,,,,,,,,,,,,,,,,,,,,,,,,,,,,,,,,,,,,,,,,,,,,,,,,,,,,,,,,,,,,,,,,,,,,,,,,,,,,,,
MP1_2,UART1TX,I/O,,SENT4TXRX,I/O,,MIBSPI0CS9,I/O,,,,,,,,,,,,,,,,,,,,,,,,,,,,,,,,,,,,,,,,,,,,,,,,,,,,,,,,,,,,,,,,,,,,,,,,,,,,,,,,,,,,,,
MP1_3,UART1RX,I/O,,SENT5TXRX,I/O,,,,,,,,,,,,,,,,,,,,,,,,,,,,,,,,,,,,,,,,,,,,,,,,,,,,,,,,,,,,,,,,,,,,,,,,,,,,,,,,,,,,,,,,,
MP1_4,SENT0TXRX,I/O,,MIBSPI1CS4,I/O,,,,,,,,,,,,,,,,,,,,,,,,,,,,,,,,,,,,,,,,,,,,,,,,,,,,,,,,,,,,,,,,,,,,,,,,,,,,,,,,,,,,,,,,,
MP1_5,SENT1TXRX,I/O,,MIBSPI1CS5,I/O,,,,,,,,,,,,,,,,,,,,,,,,,,,,,,,,,,,,,,,,,,,,,,,,,,,,,,,,,,,,,,,,,,,,,,,,,,,,,,,,,,,,,,,,,
MP1_6,SENT2TXRX,I/O,,MIBSPI1CS6,I/O,,,,,,,,,,,,,,,,,,,,,,,,,,,,,,,,,,,,,,,,,,,,,,,,,,,,,,,,,,,,,,,,,,,,,,,,,,,,,,,,,,,,,,,,,
MP1_7,SENT3TXRX,I/O,,MIBSPI1CS7,I/O,,,,,,,,,,,,,,,,,,,,,,,,,,,,,,,,,,,,,,,,,,,,,,,,,,,,,,,,,,,,,,,,,,,,,,,,,,,,,,,,,,,,,,,,,
MP1_8,SENT4TXRX,I/O,,MIBSPI1CS8,I/O,,,,,,,,,,,,,,,,,,,,,,,,,,,,,,,,,,,,,,,,,,,,,,,,,,,,,,,,,,,,,,,,,,,,,,,,,,,,,,,,,,,,,,,,,
MP1_9,SENT5TXRX,I/O,,MIBSPI1CS9,I/O,,,,,,,,,,,,,,,,,,,,,,,,,,,,,,,,,,,,,,,,,,,,,,,,,,,,,,,,,,,,,,,,,,,,,,,,,,,,,,,,,,,,,,,,,
MP1_10,SPI5CS4,I/O,,MIBSPI1CS10,I/O,,,,,,,,,,,,,,,,,,,,,,,,,,,,,,,,,,,,,,,,,,,,,,,,,,,,,,,,,,,,,,,,,,,,,,,,,,,,,,,,,,,,,,,,,
MP1_11,SPI5CS5,I/O,,MIBSPI1CS11,I/O,,,,,,,,,,,,,,,,,,,,,,,,,,,,,,,,,,,,,,,,,,,,,,,,,,,,,,,,,,,,,,,,,,,,,,,,,,,,,,,,,,,,,,,,,
MP1_12,MIBSPI0CS4,I/O,,,,,,,,,,,,,,,,,,,,,,,,,,,,,,,,,,,,,,,,,,,,,,,,,,,,,,,,,,,,,,,,,,,,,,,,,,,,,,,,,,,,,,,,,,,,
MP1_13,MIBSPI0CS5,I/O,,,,,,,,,,,,,,,,,,,,,,,,,,,,,,,,,,,,,,,,,,,,,,,,,,,,,,,,,,,,,,,,,,,,,,,,,,,,,,,,,,,,,,,,,,,,
MP1_14,MIBSPI0CS6,I/O,,,,,,,,,,,,,,,,,,,,,,,,,,,,,,,,,,,,,,,,,,,,,,,,,,,,,,,,,,,,,,,,,,,,,,,,,,,,,,,,,,,,,,,,,,,,
MP1_15,MIBSPI0CS7,I/O,,,,,,,,,,,,,,,,,,,,,,,,,,,,,,,,,,,,,,,,,,,,,,,,,,,,,,,,,,,,,,,,,,,,,,,,,,,,,,,,,,,,,,,,,,,,
